scope	status	symbol	expected_crc	expected_provider	actual
candidate-builtin	ok	___ratelimit	5239ce3b	vmlinux+__crc+__ksymtab	symvers=5239ce3b@vmlinux[line=4955];vmlinux=5239ce3b@__crc____ratelimit[line=37991];ksymtab=1
candidate-builtin	ok	__alloc_skb	2ed30fda	vmlinux+__crc+__ksymtab	symvers=2ed30fda@vmlinux[line=5873];vmlinux=2ed30fda@__crc___alloc_skb[line=37997];ksymtab=1
candidate-builtin	ok	__alloc_workqueue_key	43a53735	vmlinux+__crc+__ksymtab	symvers=43a53735@vmlinux[line=6078];vmlinux=43a53735@__crc___alloc_workqueue_key[line=37998];ksymtab=1
candidate-builtin	ok	__arch_copy_from_user	84bc974b	vmlinux+__crc+__ksymtab	symvers=84bc974b@vmlinux[line=807];vmlinux=84bc974b@__crc___arch_copy_from_user[line=37999];ksymtab=1
candidate-builtin	ok	__arch_copy_to_user	b35dea8f	vmlinux+__crc+__ksymtab	symvers=b35dea8f@vmlinux[line=967];vmlinux=b35dea8f@__crc___arch_copy_to_user[line=38000];ksymtab=1
candidate-builtin	ok	__cfg80211_alloc_event_skb	73c863d1	vmlinux+__crc+__ksymtab	symvers=73c863d1@vmlinux[line=1124];vmlinux=73c863d1@__crc___cfg80211_alloc_event_skb[line=38039];ksymtab=1
candidate-builtin	ok	__cfg80211_alloc_reply_skb	5e7a05e2	vmlinux+__crc+__ksymtab	symvers=5e7a05e2@vmlinux[line=2332];vmlinux=5e7a05e2@__crc___cfg80211_alloc_reply_skb[line=38040];ksymtab=1
candidate-builtin	ok	__cfg80211_send_event_skb	d535011c	vmlinux+__crc+__ksymtab	symvers=d535011c@vmlinux[line=3217];vmlinux=d535011c@__crc___cfg80211_send_event_skb[line=38041];ksymtab=1
candidate-builtin	ok	__check_object_size	88db9f48	vmlinux+__crc+__ksymtab	symvers=88db9f48@vmlinux[line=1076];vmlinux=88db9f48@__crc___check_object_size[line=38042];ksymtab=1
candidate-builtin	ok	__class_create	6a6e1425	vmlinux+__crc+__ksymtab	symvers=6a6e1425@vmlinux[line=2521];vmlinux=6a6e1425@__crc___class_create[line=38045];ksymtab=1
candidate-builtin	ok	__const_udelay	eae3dfd6	vmlinux+__crc+__ksymtab	symvers=eae3dfd6@vmlinux[line=1107];vmlinux=eae3dfd6@__crc___const_udelay[line=38064];ksymtab=1
candidate-builtin	ok	__dynamic_pr_debug	7584d268	vmlinux+__crc+__ksymtab	symvers=7584d268@vmlinux[line=1777];vmlinux=7584d268@__crc___dynamic_pr_debug[line=38108];ksymtab=1
candidate-builtin	ok	__genl_register_family	46639363	vmlinux+__crc+__ksymtab	symvers=46639363@vmlinux[line=6253];vmlinux=46639363@__crc___genl_register_family[line=38131];ksymtab=1
candidate-builtin	ok	__ieee80211_get_channel	da600c17	vmlinux+__crc+__ksymtab	symvers=da600c17@vmlinux[line=5834];vmlinux=da600c17@__crc___ieee80211_get_channel[line=38159];ksymtab=1
candidate-builtin	ok	__init_rwsem	c0642665	vmlinux+__crc+__ksymtab	symvers=c0642665@vmlinux[line=1654];vmlinux=c0642665@__crc___init_rwsem[line=38170];ksymtab=1
candidate-builtin	ok	__init_waitqueue_head	ab40cca9	vmlinux+__crc+__ksymtab	symvers=ab40cca9@vmlinux[line=1375];vmlinux=ab40cca9@__crc___init_waitqueue_head[line=38171];ksymtab=1
candidate-builtin	ok	__ioremap	2724ba66	vmlinux+__crc+__ksymtab	symvers=2724ba66@vmlinux[line=3927];vmlinux=2724ba66@__crc___ioremap[line=38177];ksymtab=1
candidate-builtin	ok	__iounmap	45a55ec8	vmlinux+__crc+__ksymtab	symvers=45a55ec8@vmlinux[line=2995];vmlinux=45a55ec8@__crc___iounmap[line=38178];ksymtab=1
candidate-builtin	ok	__kfifo_alloc	97868aef	vmlinux+__crc+__ksymtab	symvers=97868aef@vmlinux[line=21];vmlinux=97868aef@__crc___kfifo_alloc[line=38194];ksymtab=1
candidate-builtin	ok	__kfifo_free	db760f52	vmlinux+__crc+__ksymtab	symvers=db760f52@vmlinux[line=2255];vmlinux=db760f52@__crc___kfifo_free[line=38201];ksymtab=1
candidate-builtin	ok	__kfifo_in	f23fcb99	vmlinux+__crc+__ksymtab	symvers=f23fcb99@vmlinux[line=983];vmlinux=f23fcb99@__crc___kfifo_in[line=38204];ksymtab=1
candidate-builtin	ok	__kfifo_init	bd462b55	vmlinux+__crc+__ksymtab	symvers=bd462b55@vmlinux[line=4551];vmlinux=bd462b55@__crc___kfifo_init[line=38206];ksymtab=1
candidate-builtin	ok	__kfifo_out	13d0adf7	vmlinux+__crc+__ksymtab	symvers=13d0adf7@vmlinux[line=5035];vmlinux=13d0adf7@__crc___kfifo_out[line=38209];ksymtab=1
candidate-builtin	ok	__kmalloc	d2b09ce5	vmlinux+__crc+__ksymtab	symvers=d2b09ce5@vmlinux[line=2199];vmlinux=d2b09ce5@__crc___kmalloc[line=38217];ksymtab=1
candidate-builtin	ok	__memcpy_fromio	5d112304	vmlinux+__crc+__ksymtab	symvers=5d112304@vmlinux[line=4996];vmlinux=5d112304@__crc___memcpy_fromio[line=38224];ksymtab=1
candidate-builtin	ok	__memcpy_toio	f77555cd	vmlinux+__crc+__ksymtab	symvers=f77555cd@vmlinux[line=557];vmlinux=f77555cd@__crc___memcpy_toio[line=38225];ksymtab=1
candidate-builtin	ok	__memset_io	18b48e28	vmlinux+__crc+__ksymtab	symvers=18b48e28@vmlinux[line=3068];vmlinux=18b48e28@__crc___memset_io[line=38226];ksymtab=1
candidate-builtin	ok	__mutex_init	3a567481	vmlinux+__crc+__ksymtab	symvers=3a567481@vmlinux[line=4389];vmlinux=3a567481@__crc___mutex_init[line=38237];ksymtab=1
candidate-builtin	ok	__netdev_alloc_skb	4e84734b	vmlinux+__crc+__ksymtab	symvers=4e84734b@vmlinux[line=1142];vmlinux=4e84734b@__crc___netdev_alloc_skb[line=38246];ksymtab=1
candidate-builtin	ok	__netlink_kernel_create	61c2a572	vmlinux+__crc+__ksymtab	symvers=61c2a572@vmlinux[line=221];vmlinux=61c2a572@__crc___netlink_kernel_create[line=38249];ksymtab=1
candidate-builtin	ok	__nlmsg_put	69ebe004	vmlinux+__crc+__ksymtab	symvers=69ebe004@vmlinux[line=6739];vmlinux=69ebe004@__crc___nlmsg_put[line=38267];ksymtab=1
candidate-builtin	ok	__platform_driver_register	e7d4cefb	vmlinux+__crc+__ksymtab	symvers=e7d4cefb@vmlinux[line=4059];vmlinux=e7d4cefb@__crc___platform_driver_register[line=38278];ksymtab=1
candidate-builtin	ok	__pm_relax	fa7e566d	vmlinux+__crc+__ksymtab	symvers=fa7e566d@vmlinux[line=5918];vmlinux=fa7e566d@__crc___pm_relax[line=38279];ksymtab=1
candidate-builtin	ok	__pm_stay_awake	4b09d20b	vmlinux+__crc+__ksymtab	symvers=4b09d20b@vmlinux[line=4903];vmlinux=4b09d20b@__crc___pm_stay_awake[line=38280];ksymtab=1
candidate-builtin	ok	__pm_wakeup_event	98ec6f6f	vmlinux+__crc+__ksymtab	symvers=98ec6f6f@vmlinux[line=5446];vmlinux=98ec6f6f@__crc___pm_wakeup_event[line=38281];ksymtab=1
candidate-builtin	ok	__rcu_read_lock	8d522714	vmlinux+__crc+__ksymtab	symvers=8d522714@vmlinux[line=914];vmlinux=8d522714@__crc___rcu_read_lock[line=38295];ksymtab=1
candidate-builtin	ok	__rcu_read_unlock	2469810f	vmlinux+__crc+__ksymtab	symvers=2469810f@vmlinux[line=4427];vmlinux=2469810f@__crc___rcu_read_unlock[line=38296];ksymtab=1
candidate-builtin	ok	__stack_chk_fail	db7305a1	vmlinux+__crc+__ksymtab	symvers=db7305a1@vmlinux[line=4625];vmlinux=db7305a1@__crc___stack_chk_fail[line=38367];ksymtab=1
candidate-builtin	ok	__stack_chk_guard	8f678b07	vmlinux+__crc+__ksymtab	symvers=8f678b07@vmlinux[line=5040];vmlinux=8f678b07@__crc___stack_chk_guard[line=38368];ksymtab=1
candidate-builtin	ok	__tasklet_schedule	0faef0ed	vmlinux+__crc+__ksymtab	symvers=0faef0ed@vmlinux[line=3037];vmlinux=0faef0ed@__crc___tasklet_schedule[line=38381];ksymtab=1
candidate-builtin	ok	__trace_bprintk	c72e1233	vmlinux+__crc+__ksymtab	symvers=c72e1233@vmlinux[line=6446];vmlinux=c72e1233@__crc___trace_bprintk[line=38385];ksymtab=1
candidate-builtin	ok	__udelay	9e7d6bd0	vmlinux+__crc+__ksymtab	symvers=9e7d6bd0@vmlinux[line=5316];vmlinux=9e7d6bd0@__crc___udelay[line=38419];ksymtab=1
candidate-builtin	ok	__wake_up	65345022	vmlinux+__crc+__ksymtab	symvers=65345022@vmlinux[line=6867];vmlinux=65345022@__crc___wake_up[line=38430];ksymtab=1
candidate-builtin	ok	_raw_spin_lock_bh	f6f0ffed	vmlinux+__crc+__ksymtab	symvers=f6f0ffed@vmlinux[line=28];vmlinux=f6f0ffed@__crc__raw_spin_lock_bh[line=38464];ksymtab=1
candidate-builtin	ok	_raw_spin_lock_irqsave	96220280	vmlinux+__crc+__ksymtab	symvers=96220280@vmlinux[line=2444];vmlinux=96220280@__crc__raw_spin_lock_irqsave[line=38466];ksymtab=1
candidate-builtin	ok	_raw_spin_trylock	305cec12	vmlinux+__crc+__ksymtab	symvers=305cec12@vmlinux[line=4334];vmlinux=305cec12@__crc__raw_spin_trylock[line=38467];ksymtab=1
candidate-builtin	ok	_raw_spin_unlock_bh	abbbd444	vmlinux+__crc+__ksymtab	symvers=abbbd444@vmlinux[line=1839];vmlinux=abbbd444@__crc__raw_spin_unlock_bh[line=38470];ksymtab=1
candidate-builtin	ok	_raw_spin_unlock_irqrestore	97fdbab9	vmlinux+__crc+__ksymtab	symvers=97fdbab9@vmlinux[line=7035];vmlinux=97fdbab9@__crc__raw_spin_unlock_irqrestore[line=38472];ksymtab=1
candidate-builtin	ok	add_timer	d9605d4c	vmlinux+__crc+__ksymtab	symvers=d9605d4c@vmlinux[line=2114];vmlinux=d9605d4c@__crc_add_timer[line=38514];ksymtab=1
candidate-builtin	ok	aed_combo_exception_api	4af93671	vmlinux+__crc+__ksymtab	symvers=4af93671@vmlinux[line=3739];vmlinux=4af93671@__crc_aed_combo_exception_api[line=38528];ksymtab=1
candidate-builtin	ok	aee_kernel_dal_api	9ba9c773	vmlinux+__crc+__ksymtab	symvers=9ba9c773@vmlinux[line=6483];vmlinux=9ba9c773@__crc_aee_kernel_dal_api[line=38533];ksymtab=1
candidate-builtin	ok	aee_kernel_warning_api	1042540f	vmlinux+__crc+__ksymtab	symvers=1042540f@vmlinux[line=336];vmlinux=1042540f@__crc_aee_kernel_warning_api[line=38536];ksymtab=1
candidate-builtin	ok	alarm_cancel	3d3e4814	vmlinux+__crc+__ksymtab	symvers=3d3e4814@vmlinux[line=6846];vmlinux=3d3e4814@__crc_alarm_cancel[line=38548];ksymtab=1
candidate-builtin	ok	alarm_init	9463cf28	vmlinux+__crc+__ksymtab	symvers=9463cf28@vmlinux[line=1667];vmlinux=9463cf28@__crc_alarm_init[line=38552];ksymtab=1
candidate-builtin	ok	alarm_start_relative	9bcbc8c0	vmlinux+__crc+__ksymtab	symvers=9bcbc8c0@vmlinux[line=5045];vmlinux=9bcbc8c0@__crc_alarm_start_relative[line=38555];ksymtab=1
candidate-builtin	ok	alloc_netdev_mqs	d2076e5e	vmlinux+__crc+__ksymtab	symvers=d2076e5e@vmlinux[line=3629];vmlinux=d2076e5e@__crc_alloc_netdev_mqs[line=38570];ksymtab=1
candidate-builtin	ok	cancel_delayed_work	416f25b6	vmlinux+__crc+__ksymtab	symvers=416f25b6@vmlinux[line=3521];vmlinux=416f25b6@__crc_cancel_delayed_work[line=38961];ksymtab=1
candidate-builtin	ok	cancel_delayed_work_sync	5528d259	vmlinux+__crc+__ksymtab	symvers=5528d259@vmlinux[line=3092];vmlinux=5528d259@__crc_cancel_delayed_work_sync[line=38962];ksymtab=1
candidate-builtin	ok	capable	c6cbbc89	vmlinux+__crc+__ksymtab	symvers=c6cbbc89@vmlinux[line=3900];vmlinux=c6cbbc89@__crc_capable[line=38965];ksymtab=1
candidate-builtin	ok	cdev_add	203a041c	vmlinux+__crc+__ksymtab	symvers=203a041c@vmlinux[line=4534];vmlinux=203a041c@__crc_cdev_add[line=38974];ksymtab=1
candidate-builtin	ok	cdev_del	b502391b	vmlinux+__crc+__ksymtab	symvers=b502391b@vmlinux[line=6993];vmlinux=b502391b@__crc_cdev_del[line=38976];ksymtab=1
candidate-builtin	ok	cdev_init	fb1beebb	vmlinux+__crc+__ksymtab	symvers=fb1beebb@vmlinux[line=1303];vmlinux=fb1beebb@__crc_cdev_init[line=38977];ksymtab=1
candidate-builtin	ok	cfg80211_connect_result	16cd9cf6	vmlinux+__crc+__ksymtab	symvers=16cd9cf6@vmlinux[line=3085];vmlinux=16cd9cf6@__crc_cfg80211_connect_result[line=38995];ksymtab=1
candidate-builtin	ok	cfg80211_del_sta	54600711	vmlinux+__crc+__ksymtab	symvers=54600711@vmlinux[line=3707];vmlinux=54600711@__crc_cfg80211_del_sta[line=39000];ksymtab=1
candidate-builtin	ok	cfg80211_disconnected	7475ebbb	vmlinux+__crc+__ksymtab	symvers=7475ebbb@vmlinux[line=5911];vmlinux=7475ebbb@__crc_cfg80211_disconnected[line=39001];ksymtab=1
candidate-builtin	ok	cfg80211_find_ie	7fe1a403	vmlinux+__crc+__ksymtab	symvers=7fe1a403@vmlinux[line=1866];vmlinux=7fe1a403@__crc_cfg80211_find_ie[line=39002];ksymtab=1
candidate-builtin	ok	cfg80211_ft_event	869cf998	vmlinux+__crc+__ksymtab	symvers=869cf998@vmlinux[line=6029];vmlinux=869cf998@__crc_cfg80211_ft_event[line=39004];ksymtab=1
candidate-builtin	ok	cfg80211_get_bss	513f5d02	vmlinux+__crc+__ksymtab	symvers=513f5d02@vmlinux[line=4049];vmlinux=513f5d02@__crc_cfg80211_get_bss[line=39005];ksymtab=1
candidate-builtin	ok	cfg80211_inform_bss_width	66ee44ad	vmlinux+__crc+__ksymtab	symvers=66ee44ad@vmlinux[line=3572];vmlinux=66ee44ad@__crc_cfg80211_inform_bss_width[line=39011];ksymtab=1
candidate-builtin	ok	cfg80211_inform_bss_width_frame	a9f3a530	vmlinux+__crc+__ksymtab	symvers=a9f3a530@vmlinux[line=4276];vmlinux=a9f3a530@__crc_cfg80211_inform_bss_width_frame[line=39012];ksymtab=1
candidate-builtin	ok	cfg80211_mgmt_tx_status	da913a9e	vmlinux+__crc+__ksymtab	symvers=da913a9e@vmlinux[line=6647];vmlinux=da913a9e@__crc_cfg80211_mgmt_tx_status[line=39014];ksymtab=1
candidate-builtin	ok	cfg80211_michael_mic_failure	21c95d93	vmlinux+__crc+__ksymtab	symvers=21c95d93@vmlinux[line=7625];vmlinux=21c95d93@__crc_cfg80211_michael_mic_failure[line=39015];ksymtab=1
candidate-builtin	ok	cfg80211_new_sta	b25e51ec	vmlinux+__crc+__ksymtab	symvers=b25e51ec@vmlinux[line=4674];vmlinux=b25e51ec@__crc_cfg80211_new_sta[line=39016];ksymtab=1
candidate-builtin	ok	cfg80211_pmksa_candidate_notify	b8b3264d	vmlinux+__crc+__ksymtab	symvers=b8b3264d@vmlinux[line=6523];vmlinux=b8b3264d@__crc_cfg80211_pmksa_candidate_notify[line=39018];ksymtab=1
candidate-builtin	ok	cfg80211_put_bss	69fa3142	vmlinux+__crc+__ksymtab	symvers=69fa3142@vmlinux[line=1626];vmlinux=69fa3142@__crc_cfg80211_put_bss[line=39020];ksymtab=1
candidate-builtin	ok	cfg80211_ready_on_channel	2533f672	vmlinux+__crc+__ksymtab	symvers=2533f672@vmlinux[line=2604];vmlinux=2533f672@__crc_cfg80211_ready_on_channel[line=39022];ksymtab=1
candidate-builtin	ok	cfg80211_remain_on_channel_expired	8e1f0594	vmlinux+__crc+__ksymtab	symvers=8e1f0594@vmlinux[line=1755];vmlinux=8e1f0594@__crc_cfg80211_remain_on_channel_expired[line=39025];ksymtab=1
candidate-builtin	ok	cfg80211_roamed_bss	ccfb0457	vmlinux+__crc+__ksymtab	symvers=ccfb0457@vmlinux[line=3621];vmlinux=ccfb0457@__crc_cfg80211_roamed_bss[line=39029];ksymtab=1
candidate-builtin	ok	cfg80211_rx_mgmt	a31ac49f	vmlinux+__crc+__ksymtab	symvers=a31ac49f@vmlinux[line=3286];vmlinux=a31ac49f@__crc_cfg80211_rx_mgmt[line=39031];ksymtab=1
candidate-builtin	ok	cfg80211_scan_done	7f5a3bab	vmlinux+__crc+__ksymtab	symvers=7f5a3bab@vmlinux[line=6157];vmlinux=7f5a3bab@__crc_cfg80211_scan_done[line=39036];ksymtab=1
candidate-builtin	ok	cfg80211_sched_scan_results	47542f54	vmlinux+__crc+__ksymtab	symvers=47542f54@vmlinux[line=701];vmlinux=47542f54@__crc_cfg80211_sched_scan_results[line=39037];ksymtab=1
candidate-builtin	ok	cfg80211_sched_scan_stopped	393c72f2	vmlinux+__crc+__ksymtab	symvers=393c72f2@vmlinux[line=4043];vmlinux=393c72f2@__crc_cfg80211_sched_scan_stopped[line=39038];ksymtab=1
candidate-builtin	ok	cfg80211_tdls_oper_request	99d48883	vmlinux+__crc+__ksymtab	symvers=99d48883@vmlinux[line=3557];vmlinux=99d48883@__crc_cfg80211_tdls_oper_request[line=39042];ksymtab=1
candidate-builtin	ok	cfg80211_unlink_bss	b2dde6cd	vmlinux+__crc+__ksymtab	symvers=b2dde6cd@vmlinux[line=1359];vmlinux=b2dde6cd@__crc_cfg80211_unlink_bss[line=39044];ksymtab=1
candidate-builtin	ok	cfg80211_vendor_cmd_reply	00e62678	vmlinux+__crc+__ksymtab	symvers=00e62678@vmlinux[line=2855];vmlinux=00e62678@__crc_cfg80211_vendor_cmd_reply[line=39046];ksymtab=1
candidate-builtin	ok	class_destroy	a9965990	vmlinux+__crc+__ksymtab	symvers=a9965990@vmlinux[line=2866];vmlinux=a9965990@__crc_class_destroy[line=39057];ksymtab=1
candidate-builtin	ok	clear_bit	a87cf413	vmlinux+__crc+__ksymtab	symvers=a87cf413@vmlinux[line=4484];vmlinux=a87cf413@__crc_clear_bit[line=39069];ksymtab=1
candidate-builtin	ok	clk_disable	d01984d3	vmlinux+__crc+__ksymtab	symvers=d01984d3@vmlinux[line=4994];vmlinux=d01984d3@__crc_clk_disable[line=39077];ksymtab=1
candidate-builtin	ok	clk_enable	6c8748dc	vmlinux+__crc+__ksymtab	symvers=6c8748dc@vmlinux[line=517];vmlinux=6c8748dc@__crc_clk_enable[line=39079];ksymtab=1
candidate-builtin	ok	clk_prepare	a47ab77e	vmlinux+__crc+__ksymtab	symvers=a47ab77e@vmlinux[line=6986];vmlinux=a47ab77e@__crc_clk_prepare[line=39095];ksymtab=1
candidate-builtin	ok	clk_unprepare	df5321ae	vmlinux+__crc+__ksymtab	symvers=df5321ae@vmlinux[line=6014];vmlinux=df5321ae@__crc_clk_unprepare[line=39112];ksymtab=1
candidate-builtin	ok	complete	bdbc13a1	vmlinux+__crc+__ksymtab	symvers=bdbc13a1@vmlinux[line=1562];vmlinux=bdbc13a1@__crc_complete[line=39148];ksymtab=1
candidate-builtin	ok	complete_all	86ea4d38	vmlinux+__crc+__ksymtab	symvers=86ea4d38@vmlinux[line=7639];vmlinux=86ea4d38@__crc_complete_all[line=39149];ksymtab=1
candidate-builtin	ok	completion_done	ceb1717d	vmlinux+__crc+__ksymtab	symvers=ceb1717d@vmlinux[line=5139];vmlinux=ceb1717d@__crc_completion_done[line=39152];ksymtab=1
candidate-builtin	ok	connectivity_export_clk_buf_ctrl	4d0ae244	vmlinux+__crc+__ksymtab	symvers=4d0ae244@vmlinux[line=7571];vmlinux=4d0ae244@__crc_connectivity_export_clk_buf_ctrl[line=39177];ksymtab=1
candidate-builtin	ok	connectivity_export_dump_thread_state	dced65b2	vmlinux+__crc+__ksymtab	symvers=dced65b2@vmlinux[line=4808];vmlinux=dced65b2@__crc_connectivity_export_dump_thread_state[line=39178];ksymtab=1
candidate-builtin	ok	connectivity_export_mmc_io_rw_direct	20b5b7e4	vmlinux+__crc+__ksymtab	symvers=20b5b7e4@vmlinux[line=2902];vmlinux=20b5b7e4@__crc_connectivity_export_mmc_io_rw_direct[line=39179];ksymtab=1
candidate-builtin	ok	connectivity_export_pmic_config_interface	9f50e6a6	vmlinux+__crc+__ksymtab	symvers=9f50e6a6@vmlinux[line=4194];vmlinux=9f50e6a6@__crc_connectivity_export_pmic_config_interface[line=39183];ksymtab=1
candidate-builtin	ok	connectivity_export_pmic_read_interface	179cf9a8	vmlinux+__crc+__ksymtab	symvers=179cf9a8@vmlinux[line=7301];vmlinux=179cf9a8@__crc_connectivity_export_pmic_read_interface[line=39184];ksymtab=1
candidate-builtin	ok	connectivity_export_pmic_set_register_value	a1a871b6	vmlinux+__crc+__ksymtab	symvers=a1a871b6@vmlinux[line=1526];vmlinux=a1a871b6@__crc_connectivity_export_pmic_set_register_value[line=39185];ksymtab=1
candidate-builtin	ok	connectivity_export_show_stack	0b9a1641	vmlinux+__crc+__ksymtab	symvers=0b9a1641@vmlinux[line=6985];vmlinux=0b9a1641@__crc_connectivity_export_show_stack[line=39186];ksymtab=1
candidate-builtin	ok	connectivity_export_slp_get_wake_reason	ed0dca64	vmlinux+__crc+__ksymtab	symvers=ed0dca64@vmlinux[line=2394];vmlinux=ed0dca64@__crc_connectivity_export_slp_get_wake_reason[line=39187];ksymtab=1
candidate-builtin	ok	connectivity_export_spm_get_last_wakeup_src	0da16274	vmlinux+__crc+__ksymtab	symvers=0da16274@vmlinux[line=5415];vmlinux=0da16274@__crc_connectivity_export_spm_get_last_wakeup_src[line=39188];ksymtab=1
candidate-builtin	ok	connectivity_export_tracing_record_cmdline	5d0e3a94	vmlinux+__crc+__ksymtab	symvers=5d0e3a94@vmlinux[line=1873];vmlinux=5d0e3a94@__crc_connectivity_export_tracing_record_cmdline[line=39189];ksymtab=1
candidate-builtin	ok	consume_skb	b87fdef5	vmlinux+__crc+__ksymtab	symvers=b87fdef5@vmlinux[line=4905];vmlinux=b87fdef5@__crc_consume_skb[line=39200];ksymtab=1
candidate-builtin	ok	copy_from_iter	f589d785	vmlinux+__crc+__ksymtab	symvers=f589d785@vmlinux[line=4966];vmlinux=f589d785@__crc_copy_from_iter[line=39204];ksymtab=1
candidate-builtin	ok	crc32_le	393d4de9	vmlinux+__crc+__ksymtab	symvers=393d4de9@vmlinux[line=3725];vmlinux=393d4de9@__crc_crc32_le[line=39298];ksymtab=1
candidate-builtin	ok	del_timer	cca27eeb	vmlinux+__crc+__ksymtab	symvers=cca27eeb@vmlinux[line=3304];vmlinux=cca27eeb@__crc_del_timer[line=39507];ksymtab=1
candidate-builtin	ok	del_timer_sync	6f0036d9	vmlinux+__crc+__ksymtab	symvers=6f0036d9@vmlinux[line=408];vmlinux=6f0036d9@__crc_del_timer_sync[line=39508];ksymtab=1
candidate-builtin	ok	delayed_work_timer_fn	6b06fdce	vmlinux+__crc+__ksymtab	symvers=6b06fdce@vmlinux[line=2978];vmlinux=6b06fdce@__crc_delayed_work_timer_fn[line=39509];ksymtab=1
candidate-builtin	ok	destroy_workqueue	8c03d20c	vmlinux+__crc+__ksymtab	symvers=8c03d20c@vmlinux[line=4251];vmlinux=8c03d20c@__crc_destroy_workqueue[line=39520];ksymtab=1
candidate-builtin	ok	dev_get_by_name	27e0a5f9	vmlinux+__crc+__ksymtab	symvers=27e0a5f9@vmlinux[line=4493];vmlinux=27e0a5f9@__crc_dev_get_by_name[line=39544];ksymtab=1
candidate-builtin	ok	device_create	3cc76f97	vmlinux+__crc+__ksymtab	symvers=3cc76f97@vmlinux[line=1203];vmlinux=3cc76f97@__crc_device_create[line=39610];ksymtab=1
candidate-builtin	ok	device_destroy	910b0592	vmlinux+__crc+__ksymtab	symvers=910b0592@vmlinux[line=2960];vmlinux=910b0592@__crc_device_destroy[line=39616];ksymtab=1
candidate-builtin	ok	devm_clk_get	bf08b43d	vmlinux+__crc+__ksymtab	symvers=bf08b43d@vmlinux[line=2401];vmlinux=bf08b43d@__crc_devm_clk_get[line=39651];ksymtab=1
candidate-builtin	ok	devm_pinctrl_get	50904256	vmlinux+__crc+__ksymtab	symvers=50904256@vmlinux[line=3958];vmlinux=50904256@__crc_devm_pinctrl_get[line=39676];ksymtab=1
candidate-builtin	ok	devm_pinctrl_put	cf174110	vmlinux+__crc+__ksymtab	symvers=cf174110@vmlinux[line=3962];vmlinux=cf174110@__crc_devm_pinctrl_put[line=39677];ksymtab=1
candidate-builtin	ok	disable_irq_nosync	27bbf221	vmlinux+__crc+__ksymtab	symvers=27bbf221@vmlinux[line=5907];vmlinux=27bbf221@__crc_disable_irq_nosync[line=39729];ksymtab=1
candidate-builtin	ok	dma_ops	2a69fbf4	vmlinux+__crc+__ksymtab	symvers=2a69fbf4@vmlinux[line=5402];vmlinux=2a69fbf4@__crc_dma_ops[line=39844];ksymtab=1
candidate-builtin	ok	do_gettimeofday	4f68e5c9	vmlinux+__crc+__ksymtab	symvers=4f68e5c9@vmlinux[line=6506];vmlinux=4f68e5c9@__crc_do_gettimeofday[line=39861];ksymtab=1
candidate-builtin	ok	down	360ff19f	vmlinux+__crc+__ksymtab	symvers=360ff19f@vmlinux[line=6260];vmlinux=360ff19f@__crc_down[line=39870];ksymtab=1
candidate-builtin	ok	down_interruptible	fa91eb38	vmlinux+__crc+__ksymtab	symvers=fa91eb38@vmlinux[line=2490];vmlinux=fa91eb38@__crc_down_interruptible[line=39871];ksymtab=1
candidate-builtin	ok	down_read_trylock	c25765b8	vmlinux+__crc+__ksymtab	symvers=c25765b8@vmlinux[line=6047];vmlinux=c25765b8@__crc_down_read_trylock[line=39874];ksymtab=1
candidate-builtin	ok	down_timeout	f4aa93f1	vmlinux+__crc+__ksymtab	symvers=f4aa93f1@vmlinux[line=7189];vmlinux=f4aa93f1@__crc_down_timeout[line=39875];ksymtab=1
candidate-builtin	ok	down_trylock	8974c179	vmlinux+__crc+__ksymtab	symvers=8974c179@vmlinux[line=1644];vmlinux=8974c179@__crc_down_trylock[line=39876];ksymtab=1
candidate-builtin	ok	down_write	404d62b9	vmlinux+__crc+__ksymtab	symvers=404d62b9@vmlinux[line=2059];vmlinux=404d62b9@__crc_down_write[line=39877];ksymtab=1
candidate-builtin	ok	emi_mpu_set_region_protection	c960739b	vmlinux+__crc+__ksymtab	symvers=c960739b@vmlinux[line=3197];vmlinux=c960739b@__crc_emi_mpu_set_region_protection[line=39980];ksymtab=1
candidate-builtin	ok	enable_irq	fcec0987	vmlinux+__crc+__ksymtab	symvers=fcec0987@vmlinux[line=5471];vmlinux=fcec0987@__crc_enable_irq[line=39985];ksymtab=1
candidate-builtin	ok	eth_type_trans	5f12889f	vmlinux+__crc+__ksymtab	symvers=5f12889f@vmlinux[line=6224];vmlinux=5f12889f@__crc_eth_type_trans[line=40006];ksymtab=1
candidate-builtin	ok	ether_setup	daa50c58	vmlinux+__crc+__ksymtab	symvers=daa50c58@vmlinux[line=864];vmlinux=daa50c58@__crc_ether_setup[line=40008];ksymtab=1
candidate-builtin	ok	fb_register_client	80d68d3e	vmlinux+__crc+__ksymtab	symvers=80d68d3e@vmlinux[line=7478];vmlinux=80d68d3e@__crc_fb_register_client[line=40075];ksymtab=1
candidate-builtin	ok	fb_unregister_client	b12cbacb	vmlinux+__crc+__ksymtab	symvers=b12cbacb@vmlinux[line=6024];vmlinux=b12cbacb@__crc_fb_unregister_client[line=40080];ksymtab=1
candidate-builtin	ok	filp_close	98c2a45a	vmlinux+__crc+__ksymtab	symvers=98c2a45a@vmlinux[line=850];vmlinux=98c2a45a@__crc_filp_close[line=40139];ksymtab=1
candidate-builtin	ok	filp_open	a4672b7d	vmlinux+__crc+__ksymtab	symvers=a4672b7d@vmlinux[line=2529];vmlinux=a4672b7d@__crc_filp_open[line=40140];ksymtab=1
candidate-builtin	ok	finish_wait	9c5bc552	vmlinux+__crc+__ksymtab	symvers=9c5bc552@vmlinux[line=5704];vmlinux=9c5bc552@__crc_finish_wait[line=40159];ksymtab=1
candidate-builtin	ok	flush_delayed_work	67fc6bf4	vmlinux+__crc+__ksymtab	symvers=67fc6bf4@vmlinux[line=6444];vmlinux=67fc6bf4@__crc_flush_delayed_work[line=40181];ksymtab=1
candidate-builtin	ok	flush_scheduled_work	00801678	vmlinux+__crc+__ksymtab	symvers=00801678@vmlinux[line=6324];vmlinux=00801678@__crc_flush_scheduled_work[line=40186];ksymtab=1
candidate-builtin	ok	free_irq	f20dabd8	vmlinux+__crc+__ksymtab	symvers=f20dabd8@vmlinux[line=3926];vmlinux=f20dabd8@__crc_free_irq[line=40205];ksymtab=1
candidate-builtin	ok	free_netdev	57c5e1a3	vmlinux+__crc+__ksymtab	symvers=57c5e1a3@vmlinux[line=349];vmlinux=57c5e1a3@__crc_free_netdev[line=40207];ksymtab=1
candidate-builtin	ok	gConEmiPhyBase	2a7ea152	vmlinux+__crc+__ksymtab	symvers=2a7ea152@vmlinux[line=6083];vmlinux=2a7ea152@__crc_gConEmiPhyBase[line=40305];ksymtab=1
candidate-builtin	ok	gConEmiSize	0be1ac80	vmlinux+__crc+__ksymtab	symvers=0be1ac80@vmlinux[line=7199];vmlinux=0be1ac80@__crc_gConEmiSize[line=40306];ksymtab=1
candidate-builtin	ok	genl_unregister_family	e9c9e46b	vmlinux+__crc+__ksymtab	symvers=e9c9e46b@vmlinux[line=6964];vmlinux=e9c9e46b@__crc_genl_unregister_family[line=40391];ksymtab=1
candidate-builtin	ok	genlmsg_put	0474745f	vmlinux+__crc+__ksymtab	symvers=0474745f@vmlinux[line=5940];vmlinux=0474745f@__crc_genlmsg_put[line=40394];ksymtab=1
candidate-builtin	ok	get_random_bytes	79aa04a2	vmlinux+__crc+__ksymtab	symvers=79aa04a2@vmlinux[line=788];vmlinux=79aa04a2@__crc_get_random_bytes[line=40441];ksymtab=1
candidate-builtin	ok	gpio_to_desc	7396895b	vmlinux+__crc+__ksymtab	symvers=7396895b@vmlinux[line=7724];vmlinux=7396895b@__crc_gpio_to_desc[line=40511];ksymtab=1
candidate-builtin	ok	gpiod_direction_output_raw	97594b43	vmlinux+__crc+__ksymtab	symvers=97594b43@vmlinux[line=445];vmlinux=97594b43@__crc_gpiod_direction_output_raw[line=40525];ksymtab=1
candidate-builtin	ok	gpiod_get_raw_value	52569d9c	vmlinux+__crc+__ksymtab	symvers=52569d9c@vmlinux[line=2159];vmlinux=52569d9c@__crc_gpiod_get_raw_value[line=40527];ksymtab=1
candidate-builtin	ok	gpiod_to_irq	315c4660	vmlinux+__crc+__ksymtab	symvers=315c4660@vmlinux[line=6835];vmlinux=315c4660@__crc_gpiod_to_irq[line=40539];ksymtab=1
candidate-builtin	ok	ieee80211_channel_to_frequency	a1425906	vmlinux+__crc+__ksymtab	symvers=a1425906@vmlinux[line=1429];vmlinux=a1425906@__crc_ieee80211_channel_to_frequency[line=40710];ksymtab=1
candidate-builtin	ok	ieee80211_frequency_to_channel	09c64fbd	vmlinux+__crc+__ksymtab	symvers=09c64fbd@vmlinux[line=2070];vmlinux=09c64fbd@__crc_ieee80211_frequency_to_channel[line=40713];ksymtab=1
candidate-builtin	ok	init_net	857c3b17	vmlinux+__crc+__ksymtab	symvers=857c3b17@vmlinux[line=437];vmlinux=857c3b17@__crc_init_net[line=40866];ksymtab=1
candidate-builtin	ok	init_timer_key	fa2bcf10	vmlinux+__crc+__ksymtab	symvers=fa2bcf10@vmlinux[line=838];vmlinux=fa2bcf10@__crc_init_timer_key[line=40873];ksymtab=1
candidate-builtin	ok	irq_of_parse_and_map	a668665f	vmlinux+__crc+__ksymtab	symvers=a668665f@vmlinux[line=6600];vmlinux=a668665f@__crc_irq_of_parse_and_map[line=41147];ksymtab=1
candidate-builtin	ok	irq_set_irq_wake	ce2840e7	vmlinux+__crc+__ksymtab	symvers=ce2840e7@vmlinux[line=3341];vmlinux=ce2840e7@__crc_irq_set_irq_wake[line=41156];ksymtab=1
candidate-builtin	ok	jiffies	7d11c268	vmlinux+__crc+__ksymtab	symvers=7d11c268@vmlinux[line=5030];vmlinux=7d11c268@__crc_jiffies[line=41228];ksymtab=1
candidate-builtin	ok	jiffies_to_msecs	37befc70	vmlinux+__crc+__ksymtab	symvers=37befc70@vmlinux[line=5345];vmlinux=37befc70@__crc_jiffies_to_msecs[line=41232];ksymtab=1
candidate-builtin	ok	kallsyms_lookup_name	e007de41	vmlinux+__crc+__ksymtab	symvers=e007de41@vmlinux[line=7434];vmlinux=e007de41@__crc_kallsyms_lookup_name[line=41236];ksymtab=1
candidate-builtin	ok	kfree	037a0cba	vmlinux+__crc+__ksymtab	symvers=037a0cba@vmlinux[line=7578];vmlinux=037a0cba@__crc_kfree[line=41317];ksymtab=1
candidate-builtin	ok	kfree_skb	af618c32	vmlinux+__crc+__ksymtab	symvers=af618c32@vmlinux[line=318];vmlinux=af618c32@__crc_kfree_skb[line=41320];ksymtab=1
candidate-builtin	ok	kmalloc_caches	1fb5f32a	vmlinux+__crc+__ksymtab	symvers=1fb5f32a@vmlinux[line=2699];vmlinux=1fb5f32a@__crc_kmalloc_caches[line=41357];ksymtab=1
candidate-builtin	ok	kmalloc_order_trace	a202a8e5	vmlinux+__crc+__ksymtab	symvers=a202a8e5@vmlinux[line=6770];vmlinux=a202a8e5@__crc_kmalloc_order_trace[line=41360];ksymtab=1
candidate-builtin	ok	kmem_cache_alloc_trace	f90a9e8d	vmlinux+__crc+__ksymtab	symvers=f90a9e8d@vmlinux[line=3749];vmlinux=f90a9e8d@__crc_kmem_cache_alloc_trace[line=41362];ksymtab=1
candidate-builtin	ok	kstrtoint	373db350	vmlinux+__crc+__ksymtab	symvers=373db350@vmlinux[line=7564];vmlinux=373db350@__crc_kstrtoint[line=41396];ksymtab=1
candidate-builtin	ok	kstrtoll	1b17e06c	vmlinux+__crc+__ksymtab	symvers=1b17e06c@vmlinux[line=25];vmlinux=1b17e06c@__crc_kstrtoll[line=41399];ksymtab=1
candidate-builtin	ok	kstrtou16	5ac15bae	vmlinux+__crc+__ksymtab	symvers=5ac15bae@vmlinux[line=1733];vmlinux=5ac15bae@__crc_kstrtou16[line=41405];ksymtab=1
candidate-builtin	ok	kstrtou8	5a5a94a6	vmlinux+__crc+__ksymtab	symvers=5a5a94a6@vmlinux[line=1474];vmlinux=5a5a94a6@__crc_kstrtou8[line=41407];ksymtab=1
candidate-builtin	ok	kstrtouint	a46f2f1b	vmlinux+__crc+__ksymtab	symvers=a46f2f1b@vmlinux[line=2032];vmlinux=a46f2f1b@__crc_kstrtouint[line=41409];ksymtab=1
candidate-builtin	ok	kthread_create_on_node	f3991a9a	vmlinux+__crc+__ksymtab	symvers=f3991a9a@vmlinux[line=7691];vmlinux=f3991a9a@__crc_kthread_create_on_node[line=41415];ksymtab=1
candidate-builtin	ok	kthread_should_stop	b3f7646e	vmlinux+__crc+__ksymtab	symvers=b3f7646e@vmlinux[line=5606];vmlinux=b3f7646e@__crc_kthread_should_stop[line=41417];ksymtab=1
candidate-builtin	ok	kthread_stop	b86c787a	vmlinux+__crc+__ksymtab	symvers=b86c787a@vmlinux[line=3555];vmlinux=b86c787a@__crc_kthread_stop[line=41418];ksymtab=1
candidate-builtin	ok	ktime_get	c87c1f84	vmlinux+__crc+__ksymtab	symvers=c87c1f84@vmlinux[line=4659];vmlinux=c87c1f84@__crc_ktime_get[line=41421];ksymtab=1
candidate-builtin	ok	ktime_get_with_offset	e4689576	vmlinux+__crc+__ksymtab	symvers=e4689576@vmlinux[line=2896];vmlinux=e4689576@__crc_ktime_get_with_offset[line=41425];ksymtab=1
candidate-builtin	ok	kvfree	7aa1756e	vmlinux+__crc+__ksymtab	symvers=7aa1756e@vmlinux[line=4836];vmlinux=7aa1756e@__crc_kvfree[line=41428];ksymtab=1
candidate-builtin	ok	local_clock	262f20a8	vmlinux+__crc+__ksymtab	symvers=262f20a8@vmlinux[line=4127];vmlinux=262f20a8@__crc_local_clock[line=41488];ksymtab=1
candidate-builtin	ok	memcmp	449ad0a7	vmlinux+__crc+__ksymtab	symvers=449ad0a7@vmlinux[line=2221];vmlinux=449ad0a7@__crc_memcmp[line=41598];ksymtab=1
candidate-builtin	ok	memcpy	4829a47e	vmlinux+__crc+__ksymtab	symvers=4829a47e@vmlinux[line=1294];vmlinux=4829a47e@__crc_memcpy[line=41599];ksymtab=1
candidate-builtin	ok	memset	dcb764ad	vmlinux+__crc+__ksymtab	symvers=dcb764ad@vmlinux[line=951];vmlinux=dcb764ad@__crc_memset[line=41621];ksymtab=1
candidate-builtin	ok	memstart_addr	f8e398fc	vmlinux+__crc+__ksymtab	symvers=f8e398fc@vmlinux[line=608];vmlinux=f8e398fc@__crc_memstart_addr[line=41622];ksymtab=1
candidate-builtin	ok	mod_timer	c8fd727e	vmlinux+__crc+__ksymtab	symvers=c8fd727e@vmlinux[line=2372];vmlinux=c8fd727e@__crc_mod_timer[line=41745];ksymtab=1
candidate-builtin	ok	module_layout	a415c974	vmlinux+__crc+__ksymtab	symvers=a415c974@vmlinux[line=1999];vmlinux=a415c974@__crc_module_layout[line=41750];ksymtab=1
candidate-builtin	ok	msecs_to_jiffies	3bd1b1f6	vmlinux+__crc+__ksymtab	symvers=3bd1b1f6@vmlinux[line=7193];vmlinux=3bd1b1f6@__crc_msecs_to_jiffies[line=41785];ksymtab=1
candidate-builtin	ok	msleep	f9a482f9	vmlinux+__crc+__ksymtab	symvers=f9a482f9@vmlinux[line=763];vmlinux=f9a482f9@__crc_msleep[line=41786];ksymtab=1
candidate-builtin	ok	mt_ppm_sysboost_core	763797e4	vmlinux+__crc+__ksymtab	symvers=763797e4@vmlinux[line=6878];vmlinux=763797e4@__crc_mt_ppm_sysboost_core[line=41890];ksymtab=1
candidate-builtin	ok	mt_ppm_sysboost_freq	b80032a6	vmlinux+__crc+__ksymtab	symvers=b80032a6@vmlinux[line=1038];vmlinux=b80032a6@__crc_mt_ppm_sysboost_freq[line=41891];ksymtab=1
candidate-builtin	ok	mtk_btif_exp_rx_has_pending_data	93263291	vmlinux+__crc+__ksymtab	symvers=93263291@vmlinux[line=258];vmlinux=93263291@__crc_mtk_btif_exp_rx_has_pending_data[line=41960];ksymtab=1
candidate-builtin	ok	mtk_btif_exp_rx_thread_get	69c68087	vmlinux+__crc+__ksymtab	symvers=69c68087@vmlinux[line=6692];vmlinux=69c68087@__crc_mtk_btif_exp_rx_thread_get[line=41961];ksymtab=1
candidate-builtin	ok	mtk_btif_exp_tx_has_pending_data	08f6325f	vmlinux+__crc+__ksymtab	symvers=08f6325f@vmlinux[line=257];vmlinux=08f6325f@__crc_mtk_btif_exp_tx_has_pending_data[line=41962];ksymtab=1
candidate-builtin	ok	mtk_conn_md_bridge_reg	a6c3da51	vmlinux+__crc+__ksymtab	symvers=a6c3da51@vmlinux[line=512];vmlinux=a6c3da51@__crc_mtk_conn_md_bridge_reg[line=41964];ksymtab=1
candidate-builtin	ok	mtk_conn_md_bridge_send_msg	bfa16e12	vmlinux+__crc+__ksymtab	symvers=bfa16e12@vmlinux[line=1262];vmlinux=bfa16e12@__crc_mtk_conn_md_bridge_send_msg[line=41965];ksymtab=1
candidate-builtin	ok	mtk_conn_md_bridge_unreg	0b5cc9fd	vmlinux+__crc+__ksymtab	symvers=0b5cc9fd@vmlinux[line=5280];vmlinux=0b5cc9fd@__crc_mtk_conn_md_bridge_unreg[line=41966];ksymtab=1
candidate-builtin	ok	mtk_wcn_btif_close	05b602b4	vmlinux+__crc+__ksymtab	symvers=05b602b4@vmlinux[line=7439];vmlinux=05b602b4@__crc_mtk_wcn_btif_close[line=42075];ksymtab=1
candidate-builtin	ok	mtk_wcn_btif_dbg_ctrl	d53a2b76	vmlinux+__crc+__ksymtab	symvers=d53a2b76@vmlinux[line=7313];vmlinux=d53a2b76@__crc_mtk_wcn_btif_dbg_ctrl[line=42076];ksymtab=1
candidate-builtin	ok	mtk_wcn_btif_dpidle_ctrl	46b43888	vmlinux+__crc+__ksymtab	symvers=46b43888@vmlinux[line=3287];vmlinux=46b43888@__crc_mtk_wcn_btif_dpidle_ctrl[line=42077];ksymtab=1
candidate-builtin	ok	mtk_wcn_btif_loopback_ctrl	6b43ca3c	vmlinux+__crc+__ksymtab	symvers=6b43ca3c@vmlinux[line=3290];vmlinux=6b43ca3c@__crc_mtk_wcn_btif_loopback_ctrl[line=42078];ksymtab=1
candidate-builtin	ok	mtk_wcn_btif_open	b32f99b1	vmlinux+__crc+__ksymtab	symvers=b32f99b1@vmlinux[line=6336];vmlinux=b32f99b1@__crc_mtk_wcn_btif_open[line=42079];ksymtab=1
candidate-builtin	ok	mtk_wcn_btif_parser_wmt_evt	e9a009d3	vmlinux+__crc+__ksymtab	symvers=e9a009d3@vmlinux[line=6715];vmlinux=e9a009d3@__crc_mtk_wcn_btif_parser_wmt_evt[line=42080];ksymtab=1
candidate-builtin	ok	mtk_wcn_btif_rx_cb_register	53980935	vmlinux+__crc+__ksymtab	symvers=53980935@vmlinux[line=876];vmlinux=53980935@__crc_mtk_wcn_btif_rx_cb_register[line=42081];ksymtab=1
candidate-builtin	ok	mtk_wcn_btif_wakeup_consys	30b59ea8	vmlinux+__crc+__ksymtab	symvers=30b59ea8@vmlinux[line=747];vmlinux=30b59ea8@__crc_mtk_wcn_btif_wakeup_consys[line=42082];ksymtab=1
candidate-builtin	ok	mtk_wcn_btif_write	281ca2ad	vmlinux+__crc+__ksymtab	symvers=281ca2ad@vmlinux[line=5403];vmlinux=281ca2ad@__crc_mtk_wcn_btif_write[line=42083];ksymtab=1
candidate-builtin	ok	mtk_wcn_cmb_sdio_pm_cb	ccf21e34	vmlinux+__crc+__ksymtab	symvers=ccf21e34@vmlinux[line=568];vmlinux=ccf21e34@__crc_mtk_wcn_cmb_sdio_pm_cb[line=42084];ksymtab=1
candidate-builtin	ok	mtk_wcn_cmb_sdio_pm_data	21c68dad	vmlinux+__crc+__ksymtab	symvers=21c68dad@vmlinux[line=2422];vmlinux=21c68dad@__crc_mtk_wcn_cmb_sdio_pm_data[line=42085];ksymtab=1
candidate-builtin	ok	mutex_lock	14d04636	vmlinux+__crc+__ksymtab	symvers=14d04636@vmlinux[line=4882];vmlinux=14d04636@__crc_mutex_lock[line=42097];ksymtab=1
candidate-builtin	ok	mutex_lock_killable	0f584cfa	vmlinux+__crc+__ksymtab	symvers=0f584cfa@vmlinux[line=2869];vmlinux=0f584cfa@__crc_mutex_lock_killable[line=42099];ksymtab=1
candidate-builtin	ok	mutex_trylock	509aa448	vmlinux+__crc+__ksymtab	symvers=509aa448@vmlinux[line=5870];vmlinux=509aa448@__crc_mutex_trylock[line=42100];ksymtab=1
candidate-builtin	ok	mutex_unlock	3a2ec81b	vmlinux+__crc+__ksymtab	symvers=3a2ec81b@vmlinux[line=3016];vmlinux=3a2ec81b@__crc_mutex_unlock[line=42101];ksymtab=1
candidate-builtin	ok	n_tty_ioctl_helper	cd8f536b	vmlinux+__crc+__ksymtab	symvers=cd8f536b@vmlinux[line=295];vmlinux=cd8f536b@__crc_n_tty_ioctl_helper[line=42104];ksymtab=1
candidate-builtin	ok	netif_carrier_off	fee34439	vmlinux+__crc+__ksymtab	symvers=fee34439@vmlinux[line=2498];vmlinux=fee34439@__crc_netif_carrier_off[line=42200];ksymtab=1
candidate-builtin	ok	netif_carrier_on	c232856f	vmlinux+__crc+__ksymtab	symvers=c232856f@vmlinux[line=3698];vmlinux=c232856f@__crc_netif_carrier_on[line=42201];ksymtab=1
candidate-builtin	ok	netif_rx	4c62fa22	vmlinux+__crc+__ksymtab	symvers=4c62fa22@vmlinux[line=6108];vmlinux=4c62fa22@__crc_netif_rx[line=42208];ksymtab=1
candidate-builtin	ok	netif_rx_ni	6bdb5cb8	vmlinux+__crc+__ksymtab	symvers=6bdb5cb8@vmlinux[line=6064];vmlinux=6bdb5cb8@__crc_netif_rx_ni[line=42209];ksymtab=1
candidate-builtin	ok	netif_wake_subqueue	5e114ed7	vmlinux+__crc+__ksymtab	symvers=5e114ed7@vmlinux[line=64];vmlinux=5e114ed7@__crc_netif_wake_subqueue[line=42217];ksymtab=1
candidate-builtin	ok	netlink_kernel_release	5ac23211	vmlinux+__crc+__ksymtab	symvers=5ac23211@vmlinux[line=2494];vmlinux=5ac23211@__crc_netlink_kernel_release[line=42225];ksymtab=1
candidate-builtin	ok	netlink_unicast	4c1d8330	vmlinux+__crc+__ksymtab	symvers=4c1d8330@vmlinux[line=2875];vmlinux=4c1d8330@__crc_netlink_unicast[line=42232];ksymtab=1
candidate-builtin	ok	nla_parse	4f391d0e	vmlinux+__crc+__ksymtab	symvers=4f391d0e@vmlinux[line=5015];vmlinux=4f391d0e@__crc_nla_parse[line=42420];ksymtab=1
candidate-builtin	ok	nla_put	d9f801b4	vmlinux+__crc+__ksymtab	symvers=d9f801b4@vmlinux[line=985];vmlinux=d9f801b4@__crc_nla_put[line=42422];ksymtab=1
candidate-builtin	ok	nla_put_nohdr	62515ab9	vmlinux+__crc+__ksymtab	symvers=62515ab9@vmlinux[line=2420];vmlinux=62515ab9@__crc_nla_put_nohdr[line=42423];ksymtab=1
candidate-builtin	ok	ns_to_timespec	0f4c91ed	vmlinux+__crc+__ksymtab	symvers=0f4c91ed@vmlinux[line=1965];vmlinux=0f4c91ed@__crc_ns_to_timespec[line=42451];ksymtab=1
candidate-builtin	ok	of_find_compatible_node	3ac9612c	vmlinux+__crc+__ksymtab	symvers=3ac9612c@vmlinux[line=6540];vmlinux=3ac9612c@__crc_of_find_compatible_node[line=42485];ksymtab=1
candidate-builtin	ok	of_get_address	3162416e	vmlinux+__crc+__ksymtab	symvers=3162416e@vmlinux[line=6222];vmlinux=3162416e@__crc_of_get_address[line=42498];ksymtab=1
candidate-builtin	ok	of_get_child_by_name	98727880	vmlinux+__crc+__ksymtab	symvers=98727880@vmlinux[line=388];vmlinux=98727880@__crc_of_get_child_by_name[line=42499];ksymtab=1
candidate-builtin	ok	of_get_named_gpio_flags	b03360d3	vmlinux+__crc+__ksymtab	symvers=b03360d3@vmlinux[line=100];vmlinux=b03360d3@__crc_of_get_named_gpio_flags[line=42504];ksymtab=1
candidate-builtin	ok	of_iomap	67437af2	vmlinux+__crc+__ksymtab	symvers=67437af2@vmlinux[line=7524];vmlinux=67437af2@__crc_of_iomap[line=42525];ksymtab=1
candidate-builtin	ok	of_match_node	409fa072	vmlinux+__crc+__ksymtab	symvers=409fa072@vmlinux[line=6882];vmlinux=409fa072@__crc_of_match_node[line=42532];ksymtab=1
candidate-builtin	ok	of_parse_phandle	5b08e049	vmlinux+__crc+__ksymtab	symvers=5b08e049@vmlinux[line=7392];vmlinux=5b08e049@__crc_of_parse_phandle[line=42537];ksymtab=1
candidate-builtin	ok	of_property_read_u32_array	47007bd6	vmlinux+__crc+__ksymtab	symvers=47007bd6@vmlinux[line=7386];vmlinux=47007bd6@__crc_of_property_read_u32_array[line=42551];ksymtab=1
candidate-builtin	ok	param_ops_uint	149c7752	vmlinux+__crc+__ksymtab	symvers=149c7752@vmlinux[line=406];vmlinux=149c7752@__crc_param_ops_uint[line=42651];ksymtab=1
candidate-builtin	ok	pinctrl_lookup_state	5c2d2fe3	vmlinux+__crc+__ksymtab	symvers=5c2d2fe3@vmlinux[line=2328];vmlinux=5c2d2fe3@__crc_pinctrl_lookup_state[line=42725];ksymtab=1
candidate-builtin	ok	pinctrl_select_state	69a25c91	vmlinux+__crc+__ksymtab	symvers=69a25c91@vmlinux[line=6204];vmlinux=69a25c91@__crc_pinctrl_select_state[line=42733];ksymtab=1
candidate-builtin	ok	platform_driver_unregister	3c472de1	vmlinux+__crc+__ksymtab	symvers=3c472de1@vmlinux[line=4067];vmlinux=3c472de1@__crc_platform_driver_unregister[line=42780];ksymtab=1
candidate-builtin	ok	prepare_to_wait_event	cb128141	vmlinux+__crc+__ksymtab	symvers=cb128141@vmlinux[line=3056];vmlinux=cb128141@__crc_prepare_to_wait_event[line=42881];ksymtab=1
candidate-builtin	ok	printk	27e1a049	vmlinux+__crc+__ksymtab	symvers=27e1a049@vmlinux[line=4046];vmlinux=27e1a049@__crc_printk[line=42886];ksymtab=1
candidate-builtin	ok	proc_create_data	728c0d38	vmlinux+__crc+__ksymtab	symvers=728c0d38@vmlinux[line=3978];vmlinux=728c0d38@__crc_proc_create_data[line=42894];ksymtab=1
candidate-builtin	ok	proc_mkdir	1ea896a0	vmlinux+__crc+__ksymtab	symvers=1ea896a0@vmlinux[line=5037];vmlinux=1ea896a0@__crc_proc_mkdir[line=42904];ksymtab=1
candidate-builtin	ok	proc_remove	71981028	vmlinux+__crc+__ksymtab	symvers=71981028@vmlinux[line=6374];vmlinux=71981028@__crc_proc_remove[line=42907];ksymtab=1
candidate-builtin	ok	proc_set_user	be65e5d0	vmlinux+__crc+__ksymtab	symvers=be65e5d0@vmlinux[line=6428];vmlinux=be65e5d0@__crc_proc_set_user[line=42909];ksymtab=1
candidate-builtin	ok	queue_delayed_work_on	53f01b6b	vmlinux+__crc+__ksymtab	symvers=53f01b6b@vmlinux[line=4556];vmlinux=53f01b6b@__crc_queue_delayed_work_on[line=42973];ksymtab=1
candidate-builtin	ok	queue_work_on	2e0d2f7f	vmlinux+__crc+__ksymtab	symvers=2e0d2f7f@vmlinux[line=389];vmlinux=2e0d2f7f@__crc_queue_work_on[line=42975];ksymtab=1
candidate-builtin	ok	register_chrdev_region	d8e484f0	vmlinux+__crc+__ksymtab	symvers=d8e484f0@vmlinux[line=6785];vmlinux=d8e484f0@__crc_register_chrdev_region[line=43069];ksymtab=1
candidate-builtin	ok	register_inetaddr_notifier	f68285c0	vmlinux+__crc+__ksymtab	symvers=f68285c0@vmlinux[line=7205];vmlinux=f68285c0@__crc_register_inetaddr_notifier[line=43079];ksymtab=1
candidate-builtin	ok	register_netdev	3918cc29	vmlinux+__crc+__ksymtab	symvers=3918cc29@vmlinux[line=4832];vmlinux=3918cc29@__crc_register_netdev[line=43088];ksymtab=1
candidate-builtin	ok	regulator_disable	e7ad3055	vmlinux+__crc+__ksymtab	symvers=e7ad3055@vmlinux[line=4050];vmlinux=e7ad3055@__crc_regulator_disable[line=43166];ksymtab=1
candidate-builtin	ok	regulator_enable	d2558380	vmlinux+__crc+__ksymtab	symvers=d2558380@vmlinux[line=1390];vmlinux=d2558380@__crc_regulator_enable[line=43169];ksymtab=1
candidate-builtin	ok	regulator_get	9420fdd9	vmlinux+__crc+__ksymtab	symvers=9420fdd9@vmlinux[line=800];vmlinux=9420fdd9@__crc_regulator_get[line=43172];ksymtab=1
candidate-builtin	ok	regulator_set_voltage	a7f75ca7	vmlinux+__crc+__ksymtab	symvers=a7f75ca7@vmlinux[line=453];vmlinux=a7f75ca7@__crc_regulator_set_voltage[line=43208];ksymtab=1
candidate-builtin	ok	release_firmware	20f5908c	vmlinux+__crc+__ksymtab	symvers=20f5908c@vmlinux[line=5341];vmlinux=20f5908c@__crc_release_firmware[line=43221];ksymtab=1
candidate-builtin	ok	remap_pfn_range	456f8f98	vmlinux+__crc+__ksymtab	symvers=456f8f98@vmlinux[line=818];vmlinux=456f8f98@__crc_remap_pfn_range[line=43225];ksymtab=1
candidate-builtin	ok	remove_proc_entry	2318d172	vmlinux+__crc+__ksymtab	symvers=2318d172@vmlinux[line=5985];vmlinux=2318d172@__crc_remove_proc_entry[line=43231];ksymtab=1
candidate-builtin	ok	remove_proc_subtree	00e82751	vmlinux+__crc+__ksymtab	symvers=00e82751@vmlinux[line=2051];vmlinux=00e82751@__crc_remove_proc_subtree[line=43232];ksymtab=1
candidate-builtin	ok	request_firmware	f474ce68	vmlinux+__crc+__ksymtab	symvers=f474ce68@vmlinux[line=6];vmlinux=f474ce68@__crc_request_firmware[line=43238];ksymtab=1
candidate-builtin	ok	request_threaded_irq	d6b8e852	vmlinux+__crc+__ksymtab	symvers=d6b8e852@vmlinux[line=4333];vmlinux=d6b8e852@__crc_request_threaded_irq[line=43246];ksymtab=1
candidate-builtin	ok	rtc_gpio_enable_32k	317fb636	vmlinux+__crc+__ksymtab	symvers=317fb636@vmlinux[line=1067];vmlinux=317fb636@__crc_rtc_gpio_enable_32k[line=43360];ksymtab=1
candidate-builtin	ok	rtc_time64_to_tm	356461c8	vmlinux+__crc+__ksymtab	symvers=356461c8@vmlinux[line=4857];vmlinux=356461c8@__crc_rtc_time64_to_tm[line=43376];ksymtab=1
candidate-builtin	ok	sched_clock	3a26ed11	vmlinux+__crc+__ksymtab	symvers=3a26ed11@vmlinux[line=4963];vmlinux=3a26ed11@__crc_sched_clock[line=43418];ksymtab=1
candidate-builtin	ok	sched_setscheduler	795ff2cd	vmlinux+__crc+__ksymtab	symvers=795ff2cd@vmlinux[line=4489];vmlinux=795ff2cd@__crc_sched_setscheduler[line=43427];ksymtab=1
candidate-builtin	ok	schedule	01000e51	vmlinux+__crc+__ksymtab	symvers=01000e51@vmlinux[line=4589];vmlinux=01000e51@__crc_schedule[line=43430];ksymtab=1
candidate-builtin	ok	schedule_timeout	d62c833f	vmlinux+__crc+__ksymtab	symvers=d62c833f@vmlinux[line=4743];vmlinux=d62c833f@__crc_schedule_timeout[line=43433];ksymtab=1
candidate-builtin	ok	scnprintf	4ca9669f	vmlinux+__crc+__ksymtab	symvers=4ca9669f@vmlinux[line=3850];vmlinux=4ca9669f@__crc_scnprintf[line=43439];ksymtab=1
candidate-builtin	ok	sdio_claim_host	23021547	vmlinux+__crc+__ksymtab	symvers=23021547@vmlinux[line=1048];vmlinux=23021547@__crc_sdio_claim_host[line=43551];ksymtab=1
candidate-builtin	ok	sdio_claim_irq	78d9ebec	vmlinux+__crc+__ksymtab	symvers=78d9ebec@vmlinux[line=3661];vmlinux=78d9ebec@__crc_sdio_claim_irq[line=43552];ksymtab=1
candidate-builtin	ok	sdio_disable_func	9a6663ee	vmlinux+__crc+__ksymtab	symvers=9a6663ee@vmlinux[line=6731];vmlinux=9a6663ee@__crc_sdio_disable_func[line=43553];ksymtab=1
candidate-builtin	ok	sdio_enable_func	a8637e3f	vmlinux+__crc+__ksymtab	symvers=a8637e3f@vmlinux[line=6634];vmlinux=a8637e3f@__crc_sdio_enable_func[line=43554];ksymtab=1
candidate-builtin	ok	sdio_f0_readb	7a8d6e81	vmlinux+__crc+__ksymtab	symvers=7a8d6e81@vmlinux[line=6023];vmlinux=7a8d6e81@__crc_sdio_f0_readb[line=43555];ksymtab=1
candidate-builtin	ok	sdio_f0_writeb	80077d0a	vmlinux+__crc+__ksymtab	symvers=80077d0a@vmlinux[line=1199];vmlinux=80077d0a@__crc_sdio_f0_writeb[line=43556];ksymtab=1
candidate-builtin	ok	sdio_get_host_pm_caps	52dae2d5	vmlinux+__crc+__ksymtab	symvers=52dae2d5@vmlinux[line=6384];vmlinux=52dae2d5@__crc_sdio_get_host_pm_caps[line=43557];ksymtab=1
candidate-builtin	ok	sdio_readb	319a11c6	vmlinux+__crc+__ksymtab	symvers=319a11c6@vmlinux[line=4417];vmlinux=319a11c6@__crc_sdio_readb[line=43560];ksymtab=1
candidate-builtin	ok	sdio_readl	6e0f6649	vmlinux+__crc+__ksymtab	symvers=6e0f6649@vmlinux[line=4413];vmlinux=6e0f6649@__crc_sdio_readl[line=43562];ksymtab=1
candidate-builtin	ok	sdio_readsb	adbfa933	vmlinux+__crc+__ksymtab	symvers=adbfa933@vmlinux[line=4396];vmlinux=adbfa933@__crc_sdio_readsb[line=43563];ksymtab=1
candidate-builtin	ok	sdio_register_driver	411cf0d0	vmlinux+__crc+__ksymtab	symvers=411cf0d0@vmlinux[line=2592];vmlinux=411cf0d0@__crc_sdio_register_driver[line=43565];ksymtab=1
candidate-builtin	ok	sdio_release_host	de854fa3	vmlinux+__crc+__ksymtab	symvers=de854fa3@vmlinux[line=6972];vmlinux=de854fa3@__crc_sdio_release_host[line=43566];ksymtab=1
candidate-builtin	ok	sdio_release_irq	041fbe20	vmlinux+__crc+__ksymtab	symvers=041fbe20@vmlinux[line=1460];vmlinux=041fbe20@__crc_sdio_release_irq[line=43567];ksymtab=1
candidate-builtin	ok	sdio_set_block_size	8b1b60b6	vmlinux+__crc+__ksymtab	symvers=8b1b60b6@vmlinux[line=5840];vmlinux=8b1b60b6@__crc_sdio_set_block_size[line=43570];ksymtab=1
candidate-builtin	ok	sdio_set_host_pm_flags	0fbe37ef	vmlinux+__crc+__ksymtab	symvers=0fbe37ef@vmlinux[line=6239];vmlinux=0fbe37ef@__crc_sdio_set_host_pm_flags[line=43571];ksymtab=1
candidate-builtin	ok	sdio_unregister_driver	8fbcc8bc	vmlinux+__crc+__ksymtab	symvers=8fbcc8bc@vmlinux[line=804];vmlinux=8fbcc8bc@__crc_sdio_unregister_driver[line=43572];ksymtab=1
candidate-builtin	ok	sdio_writeb	13406ee0	vmlinux+__crc+__ksymtab	symvers=13406ee0@vmlinux[line=4245];vmlinux=13406ee0@__crc_sdio_writeb[line=43573];ksymtab=1
candidate-builtin	ok	sdio_writel	c3fcec79	vmlinux+__crc+__ksymtab	symvers=c3fcec79@vmlinux[line=5665];vmlinux=c3fcec79@__crc_sdio_writel[line=43575];ksymtab=1
candidate-builtin	ok	sdio_writesb	f5e4136f	vmlinux+__crc+__ksymtab	symvers=f5e4136f@vmlinux[line=3387];vmlinux=f5e4136f@__crc_sdio_writesb[line=43576];ksymtab=1
candidate-builtin	ok	set_bit	ae8c4d0c	vmlinux+__crc+__ksymtab	symvers=ae8c4d0c@vmlinux[line=1831];vmlinux=ae8c4d0c@__crc_set_bit[line=43664];ksymtab=1
candidate-builtin	ok	set_logtoomuch_enable	06d3d7a9	vmlinux+__crc+__ksymtab	symvers=06d3d7a9@vmlinux[line=2181];vmlinux=06d3d7a9@__crc_set_logtoomuch_enable[line=43678];ksymtab=1
candidate-builtin	ok	set_user_nice	68f6344b	vmlinux+__crc+__ksymtab	symvers=68f6344b@vmlinux[line=1865];vmlinux=68f6344b@__crc_set_user_nice[line=43693];ksymtab=1
candidate-builtin	ok	skb_put	abd8f995	vmlinux+__crc+__ksymtab	symvers=abd8f995@vmlinux[line=6265];vmlinux=abd8f995@__crc_skb_put[line=43862];ksymtab=1
candidate-builtin	ok	skb_trim	1018af70	vmlinux+__crc+__ksymtab	symvers=1018af70@vmlinux[line=5074];vmlinux=1018af70@__crc_skb_trim[line=43875];ksymtab=1
candidate-builtin	ok	snprintf	28318305	vmlinux+__crc+__ksymtab	symvers=28318305@vmlinux[line=3149];vmlinux=28318305@__crc_snprintf[line=44244];ksymtab=1
candidate-builtin	ok	sprintf	91715312	vmlinux+__crc+__ksymtab	symvers=91715312@vmlinux[line=5379];vmlinux=91715312@__crc_sprintf[line=44350];ksymtab=1
candidate-builtin	ok	sscanf	20c55ae0	vmlinux+__crc+__ksymtab	symvers=20c55ae0@vmlinux[line=4942];vmlinux=20c55ae0@__crc_sscanf[line=44357];ksymtab=1
candidate-builtin	ok	strchr	349cba85	vmlinux+__crc+__ksymtab	symvers=349cba85@vmlinux[line=3799];vmlinux=349cba85@__crc_strchr[line=44369];ksymtab=1
candidate-builtin	ok	strcmp	e2d5255a	vmlinux+__crc+__ksymtab	symvers=e2d5255a@vmlinux[line=570];vmlinux=e2d5255a@__crc_strcmp[line=44371];ksymtab=1
candidate-builtin	ok	strlen	98cf60b3	vmlinux+__crc+__ksymtab	symvers=98cf60b3@vmlinux[line=5061];vmlinux=98cf60b3@__crc_strlen[line=44380];ksymtab=1
candidate-builtin	ok	strncasecmp	96b29254	vmlinux+__crc+__ksymtab	symvers=96b29254@vmlinux[line=7665];vmlinux=96b29254@__crc_strncasecmp[line=44382];ksymtab=1
candidate-builtin	ok	strncat	2e2b40d2	vmlinux+__crc+__ksymtab	symvers=2e2b40d2@vmlinux[line=5605];vmlinux=2e2b40d2@__crc_strncat[line=44383];ksymtab=1
candidate-builtin	ok	strncmp	5a921311	vmlinux+__crc+__ksymtab	symvers=5a921311@vmlinux[line=3720];vmlinux=5a921311@__crc_strncmp[line=44385];ksymtab=1
candidate-builtin	ok	strncpy	9166fada	vmlinux+__crc+__ksymtab	symvers=9166fada@vmlinux[line=2278];vmlinux=9166fada@__crc_strncpy[line=44386];ksymtab=1
candidate-builtin	ok	strnlen	a916b694	vmlinux+__crc+__ksymtab	symvers=a916b694@vmlinux[line=3322];vmlinux=a916b694@__crc_strnlen[line=44390];ksymtab=1
candidate-builtin	ok	strnstr	c310b981	vmlinux+__crc+__ksymtab	symvers=c310b981@vmlinux[line=2443];vmlinux=c310b981@__crc_strnstr[line=44392];ksymtab=1
candidate-builtin	ok	strsep	85df9b6c	vmlinux+__crc+__ksymtab	symvers=85df9b6c@vmlinux[line=574];vmlinux=85df9b6c@__crc_strsep[line=44398];ksymtab=1
candidate-builtin	ok	strstr	1e6d26a8	vmlinux+__crc+__ksymtab	symvers=1e6d26a8@vmlinux[line=3794];vmlinux=1e6d26a8@__crc_strstr[line=44400];ksymtab=1
candidate-builtin	ok	sys_tz	fe5d4bb2	vmlinux+__crc+__ksymtab	symvers=fe5d4bb2@vmlinux[line=6833];vmlinux=fe5d4bb2@__crc_sys_tz[line=44475];ksymtab=1
candidate-builtin	ok	system_wq	2d3385d3	vmlinux+__crc+__ksymtab	symvers=2d3385d3@vmlinux[line=4510];vmlinux=2d3385d3@__crc_system_wq[line=44539];ksymtab=1
candidate-builtin	ok	tasklet_init	9545af6d	vmlinux+__crc+__ksymtab	symvers=9545af6d@vmlinux[line=1523];vmlinux=9545af6d@__crc_tasklet_init[line=44550];ksymtab=1
candidate-builtin	ok	tasklet_kill	82072614	vmlinux+__crc+__ksymtab	symvers=82072614@vmlinux[line=3471];vmlinux=82072614@__crc_tasklet_kill[line=44551];ksymtab=1
candidate-builtin	ok	test_and_clear_bit	9a908b80	vmlinux+__crc+__ksymtab	symvers=9a908b80@vmlinux[line=999];vmlinux=9a908b80@__crc_test_and_clear_bit[line=44649];ksymtab=1
candidate-builtin	ok	test_and_set_bit	d3259d65	vmlinux+__crc+__ksymtab	symvers=d3259d65@vmlinux[line=422];vmlinux=d3259d65@__crc_test_and_set_bit[line=44650];ksymtab=1
candidate-builtin	ok	tty_driver_flush_buffer	06f17eff	vmlinux+__crc+__ksymtab	symvers=06f17eff@vmlinux[line=572];vmlinux=06f17eff@__crc_tty_driver_flush_buffer[line=44795];ksymtab=1
candidate-builtin	ok	tty_register_ldisc	3bba2733	vmlinux+__crc+__ksymtab	symvers=3bba2733@vmlinux[line=4719];vmlinux=3bba2733@__crc_tty_register_ldisc[line=44846];ksymtab=1
candidate-builtin	ok	tty_unregister_ldisc	a120d33c	vmlinux+__crc+__ksymtab	symvers=a120d33c@vmlinux[line=7616];vmlinux=a120d33c@__crc_tty_unregister_ldisc[line=44862];ksymtab=1
candidate-builtin	ok	unregister_chrdev_region	7485e15e	vmlinux+__crc+__ksymtab	symvers=7485e15e@vmlinux[line=7216];vmlinux=7485e15e@__crc_unregister_chrdev_region[line=44941];ksymtab=1
candidate-builtin	ok	unregister_inetaddr_notifier	fe029963	vmlinux+__crc+__ksymtab	symvers=fe029963@vmlinux[line=7266];vmlinux=fe029963@__crc_unregister_inetaddr_notifier[line=44952];ksymtab=1
candidate-builtin	ok	unregister_netdev	6eaab051	vmlinux+__crc+__ksymtab	symvers=6eaab051@vmlinux[line=773];vmlinux=6eaab051@__crc_unregister_netdev[line=44959];ksymtab=1
candidate-builtin	ok	up	324b3877	vmlinux+__crc+__ksymtab	symvers=324b3877@vmlinux[line=2728];vmlinux=324b3877@__crc_up[line=44988];ksymtab=1
candidate-builtin	ok	up_read	3b0f75c9	vmlinux+__crc+__ksymtab	symvers=3b0f75c9@vmlinux[line=4295];vmlinux=3b0f75c9@__crc_up_read[line=44989];ksymtab=1
candidate-builtin	ok	up_write	4dab263a	vmlinux+__crc+__ksymtab	symvers=4dab263a@vmlinux[line=2036];vmlinux=4dab263a@__crc_up_write[line=44990];ksymtab=1
candidate-builtin	ok	usleep_range	12a38747	vmlinux+__crc+__ksymtab	symvers=12a38747@vmlinux[line=3004];vmlinux=12a38747@__crc_usleep_range[line=45202];ksymtab=1
candidate-builtin	ok	vfree	999e8297	vmlinux+__crc+__ksymtab	symvers=999e8297@vmlinux[line=4878];vmlinux=999e8297@__crc_vfree[line=45225];ksymtab=1
candidate-builtin	ok	vfs_read	6529f78b	vmlinux+__crc+__ksymtab	symvers=6529f78b@vmlinux[line=4118];vmlinux=6529f78b@__crc_vfs_read[line=45249];ksymtab=1
candidate-builtin	ok	vfs_write	6eab4274	vmlinux+__crc+__ksymtab	symvers=6eab4274@vmlinux[line=6094];vmlinux=6eab4274@__crc_vfs_write[line=45268];ksymtab=1
candidate-builtin	ok	vmalloc	d6ee688f	vmlinux+__crc+__ksymtab	symvers=d6ee688f@vmlinux[line=2831];vmlinux=d6ee688f@__crc_vmalloc[line=45293];ksymtab=1
candidate-builtin	ok	vsnprintf	99195078	vmlinux+__crc+__ksymtab	symvers=99195078@vmlinux[line=6297];vmlinux=99195078@__crc_vsnprintf[line=45305];ksymtab=1
candidate-builtin	ok	wait_for_completion	f9dde891	vmlinux+__crc+__ksymtab	symvers=f9dde891@vmlinux[line=4950];vmlinux=f9dde891@__crc_wait_for_completion[line=45311];ksymtab=1
candidate-builtin	ok	wait_for_completion_interruptible	de434656	vmlinux+__crc+__ksymtab	symvers=de434656@vmlinux[line=853];vmlinux=de434656@__crc_wait_for_completion_interruptible[line=45312];ksymtab=1
candidate-builtin	ok	wait_for_completion_timeout	f3a426a4	vmlinux+__crc+__ksymtab	symvers=f3a426a4@vmlinux[line=5281];vmlinux=f3a426a4@__crc_wait_for_completion_timeout[line=45318];ksymtab=1
candidate-builtin	ok	wake_up_process	a5cf5a3c	vmlinux+__crc+__ksymtab	symvers=a5cf5a3c@vmlinux[line=6559];vmlinux=a5cf5a3c@__crc_wake_up_process[line=45337];ksymtab=1
candidate-builtin	ok	wakeup_source_add	28cef6ee	vmlinux+__crc+__ksymtab	symvers=28cef6ee@vmlinux[line=266];vmlinux=28cef6ee@__crc_wakeup_source_add[line=45338];ksymtab=1
candidate-builtin	ok	wakeup_source_drop	fadf58b2	vmlinux+__crc+__ksymtab	symvers=fadf58b2@vmlinux[line=178];vmlinux=fadf58b2@__crc_wakeup_source_drop[line=45341];ksymtab=1
candidate-builtin	ok	wakeup_source_prepare	eb949a4d	vmlinux+__crc+__ksymtab	symvers=eb949a4d@vmlinux[line=3818];vmlinux=eb949a4d@__crc_wakeup_source_prepare[line=45342];ksymtab=1
candidate-builtin	ok	wakeup_source_register	b87ff124	vmlinux+__crc+__ksymtab	symvers=b87ff124@vmlinux[line=1235];vmlinux=b87ff124@__crc_wakeup_source_register[line=45343];ksymtab=1
candidate-builtin	ok	wakeup_source_remove	1335a58d	vmlinux+__crc+__ksymtab	symvers=1335a58d@vmlinux[line=5658];vmlinux=1335a58d@__crc_wakeup_source_remove[line=45344];ksymtab=1
candidate-builtin	ok	wakeup_source_unregister	02350f2f	vmlinux+__crc+__ksymtab	symvers=02350f2f@vmlinux[line=3151];vmlinux=02350f2f@__crc_wakeup_source_unregister[line=45345];ksymtab=1
candidate-builtin	ok	warn_slowpath_fmt	1e047854	vmlinux+__crc+__ksymtab	symvers=1e047854@vmlinux[line=3008];vmlinux=1e047854@__crc_warn_slowpath_fmt[line=45347];ksymtab=1
candidate-builtin	ok	warn_slowpath_null	16305289	vmlinux+__crc+__ksymtab	symvers=16305289@vmlinux[line=901];vmlinux=16305289@__crc_warn_slowpath_null[line=45349];ksymtab=1
candidate-builtin	ok	wifi_irq	6cd4e698	vmlinux+__crc+__ksymtab	symvers=6cd4e698@vmlinux[line=5364];vmlinux=6cd4e698@__crc_wifi_irq[line=45350];ksymtab=1
candidate-builtin	ok	wiphy_free	c6353c56	vmlinux+__crc+__ksymtab	symvers=c6353c56@vmlinux[line=3254];vmlinux=c6353c56@__crc_wiphy_free[line=45352];ksymtab=1
candidate-builtin	ok	wiphy_new_nm	d4921635	vmlinux+__crc+__ksymtab	symvers=d4921635@vmlinux[line=6564];vmlinux=d4921635@__crc_wiphy_new_nm[line=45353];ksymtab=1
candidate-builtin	ok	wiphy_register	f462e225	vmlinux+__crc+__ksymtab	symvers=f462e225@vmlinux[line=2961];vmlinux=f462e225@__crc_wiphy_register[line=45354];ksymtab=1
candidate-builtin	ok	wiphy_unregister	d2c25aca	vmlinux+__crc+__ksymtab	symvers=d2c25aca@vmlinux[line=5234];vmlinux=d2c25aca@__crc_wiphy_unregister[line=45358];ksymtab=1
candidate-builtin	ok	wireless_send_event	a373c189	vmlinux+__crc+__ksymtab	symvers=a373c189@vmlinux[line=6182];vmlinux=a373c189@__crc_wireless_send_event[line=45360];ksymtab=1
candidate-builtin	ok	wmt_export_mtk_wcn_cmb_sdio_disable_eirq	3296a2c2	vmlinux+__crc+__ksymtab	symvers=3296a2c2@vmlinux[line=2895];vmlinux=3296a2c2@__crc_wmt_export_mtk_wcn_cmb_sdio_disable_eirq[line=45362];ksymtab=1
candidate-builtin	ok	wmt_export_mtk_wcn_sdio_irq_flag_set	bcada9fb	vmlinux+__crc+__ksymtab	symvers=bcada9fb@vmlinux[line=3592];vmlinux=bcada9fb@__crc_wmt_export_mtk_wcn_sdio_irq_flag_set[line=45363];ksymtab=1
candidate-builtin	ok	wmt_export_platform_bridge_register	228ceb6f	vmlinux+__crc+__ksymtab	symvers=228ceb6f@vmlinux[line=1615];vmlinux=228ceb6f@__crc_wmt_export_platform_bridge_register[line=45364];ksymtab=1
candidate-builtin	ok	wmt_export_platform_bridge_unregister	606be4ee	vmlinux+__crc+__ksymtab	symvers=606be4ee@vmlinux[line=4192];vmlinux=606be4ee@__crc_wmt_export_platform_bridge_unregister[line=45365];ksymtab=1
candidate-builtin	ok	zlib_deflate	f2c43f3f	vmlinux+__crc+__ksymtab	symvers=f2c43f3f@vmlinux[line=465];vmlinux=f2c43f3f@__crc_zlib_deflate[line=45556];ksymtab=1
candidate-builtin	ok	zlib_deflateEnd	c890c008	vmlinux+__crc+__ksymtab	symvers=c890c008@vmlinux[line=1276];vmlinux=c890c008@__crc_zlib_deflateEnd[line=45557];ksymtab=1
candidate-builtin	ok	zlib_deflateInit2	5a0b73d0	vmlinux+__crc+__ksymtab	symvers=5a0b73d0@vmlinux[line=5505];vmlinux=5a0b73d0@__crc_zlib_deflateInit2[line=45558];ksymtab=1
candidate-builtin	ok	zlib_deflateReset	6aeefac4	vmlinux+__crc+__ksymtab	symvers=6aeefac4@vmlinux[line=5172];vmlinux=6aeefac4@__crc_zlib_deflateReset[line=45559];ksymtab=1
candidate-builtin	ok	zlib_deflate_workspacesize	e9f7149c	vmlinux+__crc+__ksymtab	symvers=e9f7149c@vmlinux[line=4583];vmlinux=e9f7149c@__crc_zlib_deflate_workspacesize[line=45560];ksymtab=1
candidate-inter	ok	mtk_wcn_consys_hw_wifi_paldo_ctrl	bb7925e6	source-module+symvers	symvers=bb7925e6@wmt_drv[line=6560];vmlinux=<absent>;ksymtab=0
candidate-inter	ok	mtk_wcn_set_connsys_power_off_flag	1aee7536	source-module+symvers	symvers=1aee7536@wmt_drv[line=7520];vmlinux=<absent>;ksymtab=0
candidate-inter	ok	mtk_wcn_stp_coredump_start_get	6f565716	source-module+symvers	symvers=6f565716@wmt_drv[line=3402];vmlinux=<absent>;ksymtab=0
candidate-inter	ok	mtk_wcn_stp_is_ready	bd9c94a3	source-module+symvers	symvers=bd9c94a3@wmt_drv[line=2617];vmlinux=<absent>;ksymtab=0
candidate-inter	ok	mtk_wcn_stp_is_rxqueue_empty	d5b8287f	source-module+symvers	symvers=d5b8287f@wmt_drv[line=2931];vmlinux=<absent>;ksymtab=0
candidate-inter	ok	mtk_wcn_stp_receive_data	7ef22447	source-module+symvers	symvers=7ef22447@wmt_drv[line=2360];vmlinux=<absent>;ksymtab=0
candidate-inter	ok	mtk_wcn_stp_register_event_cb	b095001c	source-module+symvers	symvers=b095001c@wmt_drv[line=2610];vmlinux=<absent>;ksymtab=0
candidate-inter	ok	mtk_wcn_stp_send_data	e471e19a	source-module+symvers	symvers=e471e19a@wmt_drv[line=2669];vmlinux=<absent>;ksymtab=0
candidate-inter	ok	mtk_wcn_stp_set_bluez	cd5cff60	source-module+symvers	symvers=cd5cff60@wmt_drv[line=1629];vmlinux=<absent>;ksymtab=0
candidate-inter	ok	mtk_wcn_wmt_assert	1adc0af1	source-module+symvers	symvers=1adc0af1@wmt_drv[line=6398];vmlinux=<absent>;ksymtab=0
candidate-inter	ok	mtk_wcn_wmt_assert_keyword	17b138ac	source-module+symvers	symvers=17b138ac@wmt_drv[line=5890];vmlinux=<absent>;ksymtab=0
candidate-inter	ok	mtk_wcn_wmt_assert_timeout	ad31899a	source-module+symvers	symvers=ad31899a@wmt_drv[line=5905];vmlinux=<absent>;ksymtab=0
candidate-inter	ok	mtk_wcn_wmt_co_clock_flag_get	20744741	source-module+symvers	symvers=20744741@wmt_drv[line=6185];vmlinux=<absent>;ksymtab=0
candidate-inter	ok	mtk_wcn_wmt_func_off	23d9ceaa	source-module+symvers	symvers=23d9ceaa@wmt_drv[line=7538];vmlinux=<absent>;ksymtab=0
candidate-inter	ok	mtk_wcn_wmt_func_on	422c8069	source-module+symvers	symvers=422c8069@wmt_drv[line=7272];vmlinux=<absent>;ksymtab=0
candidate-inter	ok	mtk_wcn_wmt_ic_info_get	e20559a6	source-module+symvers	symvers=e20559a6@wmt_drv[line=404];vmlinux=<absent>;ksymtab=0
candidate-inter	ok	mtk_wcn_wmt_msgcb_reg	454534e9	source-module+symvers	symvers=454534e9@wmt_drv[line=3570];vmlinux=<absent>;ksymtab=0
candidate-inter	ok	mtk_wcn_wmt_msgcb_unreg	cb27773c	source-module+symvers	symvers=cb27773c@wmt_drv[line=3279];vmlinux=<absent>;ksymtab=0
candidate-inter	ok	mtk_wcn_wmt_psm_ctrl	14734572	source-module+symvers	symvers=14734572@wmt_drv[line=4892];vmlinux=<absent>;ksymtab=0
candidate-inter	ok	mtk_wcn_wmt_set_wifi_ver	3c3f0b6a	source-module+symvers	symvers=3c3f0b6a@wmt_drv[line=4672];vmlinux=<absent>;ksymtab=0
candidate-inter	ok	mtk_wcn_wmt_wlan_reg	f6f3f906	source-module+symvers	symvers=f6f3f906@wmt_drv[line=1305];vmlinux=<absent>;ksymtab=0
candidate-inter	ok	mtk_wcn_wmt_wlan_unreg	6c73b212	source-module+symvers	symvers=6c73b212@wmt_drv[line=4650];vmlinux=<absent>;ksymtab=0
candidate-inter	ok	mtk_wmt_get_gps_lna_pin_num	210c94ae	source-module+symvers	symvers=210c94ae@wmt_drv[line=2399];vmlinux=<absent>;ksymtab=0
candidate-inter	ok	register_file_buf_handler	64b931ea	source-module+symvers	symvers=64b931ea@wmt_chrdev_wifi[line=6043];vmlinux=<absent>;ksymtab=0
candidate-inter	ok	register_set_p2p_mode_handler	0c9ecff3	source-module+symvers	symvers=0c9ecff3@wmt_chrdev_wifi[line=1772];vmlinux=<absent>;ksymtab=0
candidate-inter	ok	update_driver_loaded_status	a098352f	source-module+symvers	symvers=a098352f@wmt_chrdev_wifi[line=619];vmlinux=<absent>;ksymtab=0
candidate-inter	ok	wifi_reset_end	2c06ee40	source-module+symvers	symvers=2c06ee40@wmt_chrdev_wifi[line=3333];vmlinux=<absent>;ksymtab=0
candidate-inter	ok	wifi_reset_start	a8ec3708	source-module+symvers	symvers=a8ec3708@wmt_chrdev_wifi[line=5626];vmlinux=<absent>;ksymtab=0
candidate-inter	ok	wmt_lib_get_fwinfor_from_emi	bf70805f	source-module+symvers	symvers=bf70805f@wmt_drv[line=220];vmlinux=<absent>;ksymtab=0
candidate-module-export	ok	board_sdio_ctrl	69955581	source-module+symvers	symvers=69955581@wmt_drv[line=5751];vmlinux=<absent>;ksymtab=0
candidate-module-export	ok	connsys_dedicated_log_get_utc_time	0723262b	source-module+symvers	symvers=0723262b@wmt_drv[line=2455];vmlinux=<absent>;ksymtab=0
candidate-module-export	ok	connsys_dedicated_log_path_apsoc_deinit	2a93f1a8	source-module+symvers	symvers=2a93f1a8@wmt_drv[line=7180];vmlinux=<absent>;ksymtab=0
candidate-module-export	ok	connsys_dedicated_log_path_apsoc_init	ffb92c88	source-module+symvers	symvers=ffb92c88@wmt_drv[line=4760];vmlinux=<absent>;ksymtab=0
candidate-module-export	ok	connsys_log_alarm_disable	12807854	source-module+symvers	symvers=12807854@wmt_drv[line=6598];vmlinux=<absent>;ksymtab=0
candidate-module-export	ok	connsys_log_alarm_enable	ce4f3349	source-module+symvers	symvers=ce4f3349@wmt_drv[line=1293];vmlinux=<absent>;ksymtab=0
candidate-module-export	ok	connsys_log_blank_state_changed	b4c1c65d	source-module+symvers	symvers=b4c1c65d@wmt_drv[line=230];vmlinux=<absent>;ksymtab=0
candidate-module-export	ok	connsys_log_deinit	5b5cc9fe	source-module+symvers	symvers=5b5cc9fe@wmt_drv[line=3339];vmlinux=<absent>;ksymtab=0
candidate-module-export	ok	connsys_log_get_buf_size	93eb7ab0	source-module+symvers	symvers=93eb7ab0@wmt_drv[line=4874];vmlinux=<absent>;ksymtab=0
candidate-module-export	ok	connsys_log_get_emi_log_base_vir_addr	8b2771c4	source-module+symvers	symvers=8b2771c4@wmt_drv[line=2878];vmlinux=<absent>;ksymtab=0
candidate-module-export	ok	connsys_log_init	88db89e4	source-module+symvers	symvers=88db89e4@wmt_drv[line=4875];vmlinux=<absent>;ksymtab=0
candidate-module-export	ok	connsys_log_read	bf6aa137	source-module+symvers	symvers=bf6aa137@wmt_drv[line=1941];vmlinux=<absent>;ksymtab=0
candidate-module-export	ok	connsys_log_read_to_user	83f4ca61	source-module+symvers	symvers=83f4ca61@wmt_drv[line=7003];vmlinux=<absent>;ksymtab=0
candidate-module-export	ok	connsys_log_register_event_cb	c1ec710b	source-module+symvers	symvers=c1ec710b@wmt_drv[line=6587];vmlinux=<absent>;ksymtab=0
candidate-module-export	ok	get_low_latency_mode	3c658bd8	source-module+symvers	symvers=3c658bd8@wmt_chrdev_wifi[line=2266];vmlinux=<absent>;ksymtab=0
candidate-module-export	ok	mt_combo_plt_enter_deep_idle	d08dfad1	source-module+symvers	symvers=d08dfad1@wmt_drv[line=4260];vmlinux=<absent>;ksymtab=0
candidate-module-export	ok	mt_combo_plt_exit_deep_idle	70cf9570	source-module+symvers	symvers=70cf9570@wmt_drv[line=6193];vmlinux=<absent>;ksymtab=0
candidate-module-export	ok	mtk_stp_dbg_poll_cpupcr	71804127	source-module+symvers	symvers=71804127@wmt_drv[line=6586];vmlinux=<absent>;ksymtab=0
candidate-module-export	ok	mtk_wcn_cmb_stub_aif_ctrl	3f158ab0	source-module+symvers	symvers=3f158ab0@wmt_drv[line=3130];vmlinux=<absent>;ksymtab=0
candidate-module-export	ok	mtk_wcn_cmb_stub_do_reset	a9f29242	source-module+symvers	symvers=a9f29242@wmt_drv[line=82];vmlinux=<absent>;ksymtab=0
candidate-module-export	ok	mtk_wcn_cmb_stub_func_ctrl	291e50e8	source-module+symvers	symvers=291e50e8@wmt_drv[line=6870];vmlinux=<absent>;ksymtab=0
candidate-module-export	ok	mtk_wcn_cmb_stub_reg	291ed861	source-module+symvers	symvers=291ed861@wmt_drv[line=4750];vmlinux=<absent>;ksymtab=0
candidate-module-export	ok	mtk_wcn_cmb_stub_unreg	8a63f7d5	source-module+symvers	symvers=8a63f7d5@wmt_drv[line=363];vmlinux=<absent>;ksymtab=0
candidate-module-export	ok	mtk_wcn_common_drv_exit	8d4fc308	source-module+symvers	symvers=8d4fc308@wmt_drv[line=4774];vmlinux=<absent>;ksymtab=0
candidate-module-export	ok	mtk_wcn_common_drv_init	c16c9e9f	source-module+symvers	symvers=c16c9e9f@wmt_drv[line=6979];vmlinux=<absent>;ksymtab=0
candidate-module-export	ok	mtk_wcn_consys_hw_efuse_paldo_ctrl	462cd1ce	source-module+symvers	symvers=462cd1ce@wmt_drv[line=5627];vmlinux=<absent>;ksymtab=0
candidate-module-export	ok	mtk_wcn_consys_hw_wifi_paldo_ctrl	bb7925e6	source-module+symvers	symvers=bb7925e6@wmt_drv[line=6560];vmlinux=<absent>;ksymtab=0
candidate-module-export	ok	mtk_wcn_hif_sdio_abort	70820bf3	source-module+symvers	symvers=70820bf3@wmt_drv[line=6367];vmlinux=<absent>;ksymtab=0
candidate-module-export	ok	mtk_wcn_hif_sdio_bus_set_power	95fd9270	source-module+symvers	symvers=95fd9270@wmt_drv[line=4594];vmlinux=<absent>;ksymtab=0
candidate-module-export	ok	mtk_wcn_hif_sdio_client_reg	2bbcbf79	source-module+symvers	symvers=2bbcbf79@wmt_drv[line=6966];vmlinux=<absent>;ksymtab=0
candidate-module-export	ok	mtk_wcn_hif_sdio_client_unreg	b3e4bee5	source-module+symvers	symvers=b3e4bee5@wmt_drv[line=6823];vmlinux=<absent>;ksymtab=0
candidate-module-export	ok	mtk_wcn_hif_sdio_driver_exit	3ad7b412	source-module+symvers	symvers=3ad7b412@wmt_drv[line=4074];vmlinux=<absent>;ksymtab=0
candidate-module-export	ok	mtk_wcn_hif_sdio_drv_init	ab6312b7	source-module+symvers	symvers=ab6312b7@wmt_drv[line=6085];vmlinux=<absent>;ksymtab=0
candidate-module-export	ok	mtk_wcn_hif_sdio_enable_irq	ee7fda80	source-module+symvers	symvers=ee7fda80@wmt_drv[line=7071];vmlinux=<absent>;ksymtab=0
candidate-module-export	ok	mtk_wcn_hif_sdio_get_dev	ab67d382	source-module+symvers	symvers=ab67d382@wmt_drv[line=971];vmlinux=<absent>;ksymtab=0
candidate-module-export	ok	mtk_wcn_hif_sdio_get_drvdata	aa4005fb	source-module+symvers	symvers=aa4005fb@wmt_drv[line=529];vmlinux=<absent>;ksymtab=0
candidate-module-export	ok	mtk_wcn_hif_sdio_read_buf	5d031e81	source-module+symvers	symvers=5d031e81@wmt_drv[line=5267];vmlinux=<absent>;ksymtab=0
candidate-module-export	ok	mtk_wcn_hif_sdio_readb	7f221b09	source-module+symvers	symvers=7f221b09@wmt_drv[line=3169];vmlinux=<absent>;ksymtab=0
candidate-module-export	ok	mtk_wcn_hif_sdio_readl	e2753626	source-module+symvers	symvers=e2753626@wmt_drv[line=3170];vmlinux=<absent>;ksymtab=0
candidate-module-export	ok	mtk_wcn_hif_sdio_set_drvdata	8e36f453	source-module+symvers	symvers=8e36f453@wmt_drv[line=530];vmlinux=<absent>;ksymtab=0
candidate-module-export	ok	mtk_wcn_hif_sdio_update_cb_reg	a10e2a6c	source-module+symvers	symvers=a10e2a6c@wmt_drv[line=5769];vmlinux=<absent>;ksymtab=0
candidate-module-export	ok	mtk_wcn_hif_sdio_wmt_control	229296f7	source-module+symvers	symvers=229296f7@wmt_drv[line=626];vmlinux=<absent>;ksymtab=0
candidate-module-export	ok	mtk_wcn_hif_sdio_write_buf	1e11e1af	source-module+symvers	symvers=1e11e1af@wmt_drv[line=4608];vmlinux=<absent>;ksymtab=0
candidate-module-export	ok	mtk_wcn_hif_sdio_writeb	bd1cd297	source-module+symvers	symvers=bd1cd297@wmt_drv[line=5438];vmlinux=<absent>;ksymtab=0
candidate-module-export	ok	mtk_wcn_hif_sdio_writel	f5ca9c0e	source-module+symvers	symvers=f5ca9c0e@wmt_drv[line=5439];vmlinux=<absent>;ksymtab=0
candidate-module-export	ok	mtk_wcn_set_connsys_power_off_flag	1aee7536	source-module+symvers	symvers=1aee7536@wmt_drv[line=7520];vmlinux=<absent>;ksymtab=0
candidate-module-export	ok	mtk_wcn_stp_coredump_start_get	6f565716	source-module+symvers	symvers=6f565716@wmt_drv[line=3402];vmlinux=<absent>;ksymtab=0
candidate-module-export	ok	mtk_wcn_stp_is_ready	bd9c94a3	source-module+symvers	symvers=bd9c94a3@wmt_drv[line=2617];vmlinux=<absent>;ksymtab=0
candidate-module-export	ok	mtk_wcn_stp_is_rxqueue_empty	d5b8287f	source-module+symvers	symvers=d5b8287f@wmt_drv[line=2931];vmlinux=<absent>;ksymtab=0
candidate-module-export	ok	mtk_wcn_stp_parser_data	e0e5cdbe	source-module+symvers	symvers=e0e5cdbe@wmt_drv[line=3510];vmlinux=<absent>;ksymtab=0
candidate-module-export	ok	mtk_wcn_stp_receive_data	7ef22447	source-module+symvers	symvers=7ef22447@wmt_drv[line=2360];vmlinux=<absent>;ksymtab=0
candidate-module-export	ok	mtk_wcn_stp_register_event_cb	b095001c	source-module+symvers	symvers=b095001c@wmt_drv[line=2610];vmlinux=<absent>;ksymtab=0
candidate-module-export	ok	mtk_wcn_stp_register_if_rx	dbc066fe	source-module+symvers	symvers=dbc066fe@wmt_drv[line=198];vmlinux=<absent>;ksymtab=0
candidate-module-export	ok	mtk_wcn_stp_register_if_tx	74affc26	source-module+symvers	symvers=74affc26@wmt_drv[line=1796];vmlinux=<absent>;ksymtab=0
candidate-module-export	ok	mtk_wcn_stp_register_rx_has_pending_data	3d80fd6c	source-module+symvers	symvers=3d80fd6c@wmt_drv[line=4449];vmlinux=<absent>;ksymtab=0
candidate-module-export	ok	mtk_wcn_stp_register_rx_thread_get	fef495b7	source-module+symvers	symvers=fef495b7@wmt_drv[line=5686];vmlinux=<absent>;ksymtab=0
candidate-module-export	ok	mtk_wcn_stp_register_tx_event_cb	8bb55eea	source-module+symvers	symvers=8bb55eea@wmt_drv[line=884];vmlinux=<absent>;ksymtab=0
candidate-module-export	ok	mtk_wcn_stp_register_tx_has_pending_data	d7ed0af1	source-module+symvers	symvers=d7ed0af1@wmt_drv[line=4450];vmlinux=<absent>;ksymtab=0
candidate-module-export	ok	mtk_wcn_stp_sdio_drv_exit	790c95dd	source-module+symvers	symvers=790c95dd@wmt_drv[line=7455];vmlinux=<absent>;ksymtab=0
candidate-module-export	ok	mtk_wcn_stp_sdio_drv_init	a498084c	source-module+symvers	symvers=a498084c@wmt_drv[line=7456];vmlinux=<absent>;ksymtab=0
candidate-module-export	ok	mtk_wcn_stp_sdio_wake_up_ctrl	681bdfce	source-module+symvers	symvers=681bdfce@wmt_drv[line=3683];vmlinux=<absent>;ksymtab=0
candidate-module-export	ok	mtk_wcn_stp_send_data	e471e19a	source-module+symvers	symvers=e471e19a@wmt_drv[line=2669];vmlinux=<absent>;ksymtab=0
candidate-module-export	ok	mtk_wcn_stp_send_data_raw	40641105	source-module+symvers	symvers=40641105@wmt_drv[line=7176];vmlinux=<absent>;ksymtab=0
candidate-module-export	ok	mtk_wcn_stp_set_bluez	cd5cff60	source-module+symvers	symvers=cd5cff60@wmt_drv[line=1629];vmlinux=<absent>;ksymtab=0
candidate-module-export	ok	mtk_wcn_stp_uart_drv_exit	18f3b943	source-module+symvers	symvers=18f3b943@wmt_drv[line=1110];vmlinux=<absent>;ksymtab=0
candidate-module-export	ok	mtk_wcn_stp_uart_drv_init	7336edac	source-module+symvers	symvers=7336edac@wmt_drv[line=1111];vmlinux=<absent>;ksymtab=0
candidate-module-export	ok	mtk_wcn_stp_wmt_sdio_host_awake	80a4a553	source-module+symvers	symvers=80a4a553@wmt_drv[line=5904];vmlinux=<absent>;ksymtab=0
candidate-module-export	ok	mtk_wcn_stp_wmt_sdio_op_reg	40d3e72f	source-module+symvers	symvers=40d3e72f@wmt_drv[line=1315];vmlinux=<absent>;ksymtab=0
candidate-module-export	ok	mtk_wcn_stpgps_drv_exit	72da27c8	source-module+symvers	symvers=72da27c8@gps_drv[line=4816];vmlinux=<absent>;ksymtab=0
candidate-module-export	ok	mtk_wcn_stpgps_drv_init	7243e698	source-module+symvers	symvers=7243e698@gps_drv[line=7009];vmlinux=<absent>;ksymtab=0
candidate-module-export	ok	mtk_wcn_wmt_assert	1adc0af1	source-module+symvers	symvers=1adc0af1@wmt_drv[line=6398];vmlinux=<absent>;ksymtab=0
candidate-module-export	ok	mtk_wcn_wmt_assert_keyword	17b138ac	source-module+symvers	symvers=17b138ac@wmt_drv[line=5890];vmlinux=<absent>;ksymtab=0
candidate-module-export	ok	mtk_wcn_wmt_assert_timeout	ad31899a	source-module+symvers	symvers=ad31899a@wmt_drv[line=5905];vmlinux=<absent>;ksymtab=0
candidate-module-export	ok	mtk_wcn_wmt_chipid_query	6ef57895	source-module+symvers	symvers=6ef57895@wmt_drv[line=4601];vmlinux=<absent>;ksymtab=0
candidate-module-export	ok	mtk_wcn_wmt_co_clock_flag_get	20744741	source-module+symvers	symvers=20744741@wmt_drv[line=6185];vmlinux=<absent>;ksymtab=0
candidate-module-export	ok	mtk_wcn_wmt_do_reset	82154e6e	source-module+symvers	symvers=82154e6e@wmt_drv[line=102];vmlinux=<absent>;ksymtab=0
candidate-module-export	ok	mtk_wcn_wmt_dsns_ctrl	56cef6a6	source-module+symvers	symvers=56cef6a6@wmt_drv[line=7331];vmlinux=<absent>;ksymtab=0
candidate-module-export	ok	mtk_wcn_wmt_dump_wmtd_backtrace	56b6e603	source-module+symvers	symvers=56b6e603@wmt_drv[line=5257];vmlinux=<absent>;ksymtab=0
candidate-module-export	ok	mtk_wcn_wmt_flash_patch_ctrl	6d0d4a93	source-module+symvers	symvers=6d0d4a93@wmt_drv[line=4205];vmlinux=<absent>;ksymtab=0
candidate-module-export	ok	mtk_wcn_wmt_func_off	23d9ceaa	source-module+symvers	symvers=23d9ceaa@wmt_drv[line=7538];vmlinux=<absent>;ksymtab=0
candidate-module-export	ok	mtk_wcn_wmt_func_on	422c8069	source-module+symvers	symvers=422c8069@wmt_drv[line=7272];vmlinux=<absent>;ksymtab=0
candidate-module-export	ok	mtk_wcn_wmt_hwver_get	d104bd91	source-module+symvers	symvers=d104bd91@wmt_drv[line=6764];vmlinux=<absent>;ksymtab=0
candidate-module-export	ok	mtk_wcn_wmt_ic_info_get	e20559a6	source-module+symvers	symvers=e20559a6@wmt_drv[line=404];vmlinux=<absent>;ksymtab=0
candidate-module-export	ok	mtk_wcn_wmt_mpu_lock_aquire	473c2ee3	source-module+symvers	symvers=473c2ee3@wmt_drv[line=4802];vmlinux=<absent>;ksymtab=0
candidate-module-export	ok	mtk_wcn_wmt_mpu_lock_release	75637533	source-module+symvers	symvers=75637533@wmt_drv[line=6953];vmlinux=<absent>;ksymtab=0
candidate-module-export	ok	mtk_wcn_wmt_msgcb_reg	454534e9	source-module+symvers	symvers=454534e9@wmt_drv[line=3570];vmlinux=<absent>;ksymtab=0
candidate-module-export	ok	mtk_wcn_wmt_msgcb_unreg	cb27773c	source-module+symvers	symvers=cb27773c@wmt_drv[line=3279];vmlinux=<absent>;ksymtab=0
candidate-module-export	ok	mtk_wcn_wmt_psm_ctrl	14734572	source-module+symvers	symvers=14734572@wmt_drv[line=4892];vmlinux=<absent>;ksymtab=0
candidate-module-export	ok	mtk_wcn_wmt_set_chipid	1a8f63ae	source-module+symvers	symvers=1a8f63ae@wmt_drv[line=1916];vmlinux=<absent>;ksymtab=0
candidate-module-export	ok	mtk_wcn_wmt_set_mcif_mpu_protection	435a83ba	source-module+symvers	symvers=435a83ba@wmt_drv[line=589];vmlinux=<absent>;ksymtab=0
candidate-module-export	ok	mtk_wcn_wmt_set_wifi_ver	3c3f0b6a	source-module+symvers	symvers=3c3f0b6a@wmt_drv[line=4672];vmlinux=<absent>;ksymtab=0
candidate-module-export	ok	mtk_wcn_wmt_therm_ctrl	7313efcd	source-module+symvers	symvers=7313efcd@wmt_drv[line=5256];vmlinux=<absent>;ksymtab=0
candidate-module-export	ok	mtk_wcn_wmt_wifi_fem_cfg_report	78f73d6f	source-module+symvers	symvers=78f73d6f@wmt_drv[line=7017];vmlinux=<absent>;ksymtab=0
candidate-module-export	ok	mtk_wcn_wmt_wlan_reg	f6f3f906	source-module+symvers	symvers=f6f3f906@wmt_drv[line=1305];vmlinux=<absent>;ksymtab=0
candidate-module-export	ok	mtk_wcn_wmt_wlan_unreg	6c73b212	source-module+symvers	symvers=6c73b212@wmt_drv[line=4650];vmlinux=<absent>;ksymtab=0
candidate-module-export	ok	mtk_wmt_get_gps_lna_pin_num	210c94ae	source-module+symvers	symvers=210c94ae@wmt_drv[line=2399];vmlinux=<absent>;ksymtab=0
candidate-module-export	ok	mtk_wmt_gps_mcu_ctrl	e652920d	source-module+symvers	symvers=e652920d@wmt_drv[line=3285];vmlinux=<absent>;ksymtab=0
candidate-module-export	ok	mtk_wmt_gps_suspend_ctrl	8b8cc510	source-module+symvers	symvers=8b8cc510@wmt_drv[line=6207];vmlinux=<absent>;ksymtab=0
candidate-module-export	ok	mtk_wmt_set_ext_ldo	e0073009	source-module+symvers	symvers=e0073009@wmt_drv[line=4332];vmlinux=<absent>;ksymtab=0
candidate-module-export	ok	register_file_buf_handler	64b931ea	source-module+symvers	symvers=64b931ea@wmt_chrdev_wifi[line=6043];vmlinux=<absent>;ksymtab=0
candidate-module-export	ok	register_set_p2p_mode_handler	0c9ecff3	source-module+symvers	symvers=0c9ecff3@wmt_chrdev_wifi[line=1772];vmlinux=<absent>;ksymtab=0
candidate-module-export	ok	update_driver_loaded_status	a098352f	source-module+symvers	symvers=a098352f@wmt_chrdev_wifi[line=619];vmlinux=<absent>;ksymtab=0
candidate-module-export	ok	wifi_reset_end	2c06ee40	source-module+symvers	symvers=2c06ee40@wmt_chrdev_wifi[line=3333];vmlinux=<absent>;ksymtab=0
candidate-module-export	ok	wifi_reset_start	a8ec3708	source-module+symvers	symvers=a8ec3708@wmt_chrdev_wifi[line=5626];vmlinux=<absent>;ksymtab=0
candidate-module-export	ok	wmt_dev_patch_get	623038b2	source-module+symvers	symvers=623038b2@wmt_drv[line=2650];vmlinux=<absent>;ksymtab=0
candidate-module-export	ok	wmt_lib_get_fwinfor_from_emi	bf70805f	source-module+symvers	symvers=bf70805f@wmt_drv[line=220];vmlinux=<absent>;ksymtab=0
candidate-module-export	ok	wmt_plat_get_soc_chipid	30ac2ef3	source-module+symvers	symvers=30ac2ef3@wmt_drv[line=154];vmlinux=<absent>;ksymtab=0
candidate-module-export	ok	wmt_plat_read_cpupcr	00371986	source-module+symvers	symvers=00371986@wmt_drv[line=3086];vmlinux=<absent>;ksymtab=0
candidate-module-export	ok	wmt_uart_port_desc	3fab3ccd	source-module+symvers	symvers=3fab3ccd@wmt_drv[line=4486];vmlinux=<absent>;ksymtab=0
source-inter	ok	mtk_wcn_consys_hw_wifi_paldo_ctrl	bb7925e6	one-source-module	bb7925e6@wmt_drv.ko
source-inter	ok	mtk_wcn_set_connsys_power_off_flag	1aee7536	one-source-module	1aee7536@wmt_drv.ko
source-inter	ok	mtk_wcn_stp_coredump_start_get	6f565716	one-source-module	6f565716@wmt_drv.ko
source-inter	ok	mtk_wcn_stp_is_ready	bd9c94a3	one-source-module	bd9c94a3@wmt_drv.ko
source-inter	ok	mtk_wcn_stp_is_rxqueue_empty	d5b8287f	one-source-module	d5b8287f@wmt_drv.ko
source-inter	ok	mtk_wcn_stp_receive_data	7ef22447	one-source-module	7ef22447@wmt_drv.ko
source-inter	ok	mtk_wcn_stp_register_event_cb	b095001c	one-source-module	b095001c@wmt_drv.ko
source-inter	ok	mtk_wcn_stp_send_data	e471e19a	one-source-module	e471e19a@wmt_drv.ko
source-inter	ok	mtk_wcn_stp_set_bluez	cd5cff60	one-source-module	cd5cff60@wmt_drv.ko
source-inter	ok	mtk_wcn_wmt_assert	1adc0af1	one-source-module	1adc0af1@wmt_drv.ko
source-inter	ok	mtk_wcn_wmt_assert_keyword	17b138ac	one-source-module	17b138ac@wmt_drv.ko
source-inter	ok	mtk_wcn_wmt_assert_timeout	ad31899a	one-source-module	ad31899a@wmt_drv.ko
source-inter	ok	mtk_wcn_wmt_co_clock_flag_get	20744741	one-source-module	20744741@wmt_drv.ko
source-inter	ok	mtk_wcn_wmt_func_off	23d9ceaa	one-source-module	23d9ceaa@wmt_drv.ko
source-inter	ok	mtk_wcn_wmt_func_on	422c8069	one-source-module	422c8069@wmt_drv.ko
source-inter	ok	mtk_wcn_wmt_ic_info_get	e20559a6	one-source-module	e20559a6@wmt_drv.ko
source-inter	ok	mtk_wcn_wmt_msgcb_reg	454534e9	one-source-module	454534e9@wmt_drv.ko
source-inter	ok	mtk_wcn_wmt_msgcb_unreg	cb27773c	one-source-module	cb27773c@wmt_drv.ko
source-inter	ok	mtk_wcn_wmt_psm_ctrl	14734572	one-source-module	14734572@wmt_drv.ko
source-inter	ok	mtk_wcn_wmt_set_wifi_ver	3c3f0b6a	one-source-module	3c3f0b6a@wmt_drv.ko
source-inter	ok	mtk_wcn_wmt_wlan_reg	f6f3f906	one-source-module	f6f3f906@wmt_drv.ko
source-inter	ok	mtk_wcn_wmt_wlan_unreg	6c73b212	one-source-module	6c73b212@wmt_drv.ko
source-inter	ok	mtk_wmt_get_gps_lna_pin_num	210c94ae	one-source-module	210c94ae@wmt_drv.ko
source-inter	ok	register_file_buf_handler	64b931ea	one-source-module	64b931ea@wmt_chrdev_wifi.ko
source-inter	ok	register_set_p2p_mode_handler	0c9ecff3	one-source-module	0c9ecff3@wmt_chrdev_wifi.ko
source-inter	ok	update_driver_loaded_status	a098352f	one-source-module	a098352f@wmt_chrdev_wifi.ko
source-inter	ok	wifi_reset_end	2c06ee40	one-source-module	2c06ee40@wmt_chrdev_wifi.ko
source-inter	ok	wifi_reset_start	a8ec3708	one-source-module	a8ec3708@wmt_chrdev_wifi.ko
source-inter	ok	wmt_lib_get_fwinfor_from_emi	bf70805f	one-source-module	bf70805f@wmt_drv.ko
