call,position,size_u32,characters_stored,return,rejected
prefix,0,1024,29,29,False
byte[0],29,995,3,3,False
byte[1],32,992,3,3,False
byte[2],35,989,3,3,False
byte[3],38,986,3,3,False
byte[4],41,983,3,3,False
byte[5],44,980,3,3,False
byte[6],47,977,3,3,False
byte[7],50,974,3,3,False
byte[8],53,971,3,3,False
byte[9],56,968,3,3,False
byte[10],59,965,3,3,False
byte[11],62,962,3,3,False
byte[12],65,959,3,3,False
byte[13],68,956,3,3,False
byte[14],71,953,3,3,False
byte[15],74,950,3,3,False
byte[16],77,947,3,3,False
byte[17],80,944,3,3,False
byte[18],83,941,3,3,False
byte[19],86,938,3,3,False
byte[20],89,935,3,3,False
byte[21],92,932,3,3,False
byte[22],95,929,3,3,False
byte[23],98,926,3,3,False
byte[24],101,923,3,3,False
byte[25],104,920,3,3,False
byte[26],107,917,3,3,False
byte[27],110,914,3,3,False
byte[28],113,911,3,3,False
byte[29],116,908,3,3,False
byte[30],119,905,3,3,False
byte[31],122,902,3,3,False
byte[32],125,899,3,3,False
byte[33],128,896,3,3,False
byte[34],131,893,3,3,False
byte[35],134,890,3,3,False
byte[36],137,887,3,3,False
byte[37],140,884,3,3,False
byte[38],143,881,3,3,False
byte[39],146,878,3,3,False
byte[40],149,875,3,3,False
byte[41],152,872,3,3,False
byte[42],155,869,3,3,False
byte[43],158,866,3,3,False
byte[44],161,863,3,3,False
byte[45],164,860,3,3,False
byte[46],167,857,3,3,False
byte[47],170,854,3,3,False
byte[48],173,851,3,3,False
byte[49],176,848,3,3,False
byte[50],179,845,3,3,False
byte[51],182,842,3,3,False
byte[52],185,839,3,3,False
byte[53],188,836,3,3,False
byte[54],191,833,3,3,False
byte[55],194,830,3,3,False
byte[56],197,827,3,3,False
byte[57],200,824,3,3,False
byte[58],203,821,3,3,False
byte[59],206,818,3,3,False
byte[60],209,815,3,3,False
byte[61],212,812,3,3,False
byte[62],215,809,3,3,False
byte[63],218,806,3,3,False
byte[64],221,803,3,3,False
byte[65],224,800,3,3,False
byte[66],227,797,3,3,False
byte[67],230,794,3,3,False
byte[68],233,791,3,3,False
byte[69],236,788,3,3,False
byte[70],239,785,3,3,False
byte[71],242,782,3,3,False
byte[72],245,779,3,3,False
byte[73],248,776,3,3,False
byte[74],251,773,3,3,False
byte[75],254,770,3,3,False
byte[76],257,767,3,3,False
byte[77],260,764,3,3,False
byte[78],263,761,3,3,False
byte[79],266,758,3,3,False
byte[80],269,755,3,3,False
byte[81],272,752,3,3,False
byte[82],275,749,3,3,False
byte[83],278,746,3,3,False
byte[84],281,743,3,3,False
byte[85],284,740,3,3,False
byte[86],287,737,3,3,False
byte[87],290,734,3,3,False
byte[88],293,731,3,3,False
byte[89],296,728,3,3,False
byte[90],299,725,3,3,False
byte[91],302,722,3,3,False
byte[92],305,719,3,3,False
byte[93],308,716,3,3,False
byte[94],311,713,3,3,False
byte[95],314,710,3,3,False
byte[96],317,707,3,3,False
byte[97],320,704,3,3,False
byte[98],323,701,3,3,False
byte[99],326,698,3,3,False
byte[100],329,695,3,3,False
byte[101],332,692,3,3,False
byte[102],335,689,3,3,False
byte[103],338,686,3,3,False
byte[104],341,683,3,3,False
byte[105],344,680,3,3,False
byte[106],347,677,3,3,False
byte[107],350,674,3,3,False
byte[108],353,671,3,3,False
byte[109],356,668,3,3,False
byte[110],359,665,3,3,False
byte[111],362,662,3,3,False
byte[112],365,659,3,3,False
byte[113],368,656,3,3,False
byte[114],371,653,3,3,False
byte[115],374,650,3,3,False
byte[116],377,647,3,3,False
byte[117],380,644,3,3,False
byte[118],383,641,3,3,False
byte[119],386,638,3,3,False
byte[120],389,635,3,3,False
byte[121],392,632,3,3,False
byte[122],395,629,3,3,False
byte[123],398,626,3,3,False
byte[124],401,623,3,3,False
byte[125],404,620,3,3,False
byte[126],407,617,3,3,False
byte[127],410,614,3,3,False
byte[128],413,611,3,3,False
byte[129],416,608,3,3,False
byte[130],419,605,3,3,False
byte[131],422,602,3,3,False
byte[132],425,599,3,3,False
byte[133],428,596,3,3,False
byte[134],431,593,3,3,False
byte[135],434,590,3,3,False
byte[136],437,587,3,3,False
byte[137],440,584,3,3,False
byte[138],443,581,3,3,False
byte[139],446,578,3,3,False
byte[140],449,575,3,3,False
byte[141],452,572,3,3,False
byte[142],455,569,3,3,False
byte[143],458,566,3,3,False
byte[144],461,563,3,3,False
byte[145],464,560,3,3,False
byte[146],467,557,3,3,False
byte[147],470,554,3,3,False
byte[148],473,551,3,3,False
byte[149],476,548,3,3,False
byte[150],479,545,3,3,False
byte[151],482,542,3,3,False
byte[152],485,539,3,3,False
byte[153],488,536,3,3,False
byte[154],491,533,3,3,False
byte[155],494,530,3,3,False
byte[156],497,527,3,3,False
byte[157],500,524,3,3,False
byte[158],503,521,3,3,False
byte[159],506,518,3,3,False
byte[160],509,515,3,3,False
byte[161],512,512,3,3,False
byte[162],515,509,3,3,False
byte[163],518,506,3,3,False
byte[164],521,503,3,3,False
byte[165],524,500,3,3,False
byte[166],527,497,3,3,False
byte[167],530,494,3,3,False
byte[168],533,491,3,3,False
byte[169],536,488,3,3,False
byte[170],539,485,3,3,False
byte[171],542,482,3,3,False
byte[172],545,479,3,3,False
byte[173],548,476,3,3,False
byte[174],551,473,3,3,False
byte[175],554,470,3,3,False
byte[176],557,467,3,3,False
byte[177],560,464,3,3,False
byte[178],563,461,3,3,False
byte[179],566,458,3,3,False
byte[180],569,455,3,3,False
byte[181],572,452,3,3,False
byte[182],575,449,3,3,False
byte[183],578,446,3,3,False
byte[184],581,443,3,3,False
byte[185],584,440,3,3,False
byte[186],587,437,3,3,False
byte[187],590,434,3,3,False
byte[188],593,431,3,3,False
byte[189],596,428,3,3,False
byte[190],599,425,3,3,False
byte[191],602,422,3,3,False
byte[192],605,419,3,3,False
byte[193],608,416,3,3,False
byte[194],611,413,3,3,False
byte[195],614,410,3,3,False
byte[196],617,407,3,3,False
byte[197],620,404,3,3,False
byte[198],623,401,3,3,False
byte[199],626,398,3,3,False
byte[200],629,395,3,3,False
byte[201],632,392,3,3,False
byte[202],635,389,3,3,False
byte[203],638,386,3,3,False
byte[204],641,383,3,3,False
byte[205],644,380,3,3,False
byte[206],647,377,3,3,False
byte[207],650,374,3,3,False
byte[208],653,371,3,3,False
byte[209],656,368,3,3,False
byte[210],659,365,3,3,False
byte[211],662,362,3,3,False
byte[212],665,359,3,3,False
byte[213],668,356,3,3,False
byte[214],671,353,3,3,False
byte[215],674,350,3,3,False
byte[216],677,347,3,3,False
byte[217],680,344,3,3,False
byte[218],683,341,3,3,False
byte[219],686,338,3,3,False
byte[220],689,335,3,3,False
byte[221],692,332,3,3,False
byte[222],695,329,3,3,False
byte[223],698,326,3,3,False
byte[224],701,323,3,3,False
byte[225],704,320,3,3,False
byte[226],707,317,3,3,False
byte[227],710,314,3,3,False
byte[228],713,311,3,3,False
byte[229],716,308,3,3,False
byte[230],719,305,3,3,False
byte[231],722,302,3,3,False
byte[232],725,299,3,3,False
byte[233],728,296,3,3,False
byte[234],731,293,3,3,False
byte[235],734,290,3,3,False
byte[236],737,287,3,3,False
byte[237],740,284,3,3,False
byte[238],743,281,3,3,False
byte[239],746,278,3,3,False
byte[240],749,275,3,3,False
byte[241],752,272,3,3,False
byte[242],755,269,3,3,False
byte[243],758,266,3,3,False
byte[244],761,263,3,3,False
byte[245],764,260,3,3,False
byte[246],767,257,3,3,False
byte[247],770,254,3,3,False
byte[248],773,251,3,3,False
byte[249],776,248,3,3,False
byte[250],779,245,3,3,False
byte[251],782,242,3,3,False
byte[252],785,239,3,3,False
byte[253],788,236,3,3,False
byte[254],791,233,3,3,False
byte[255],794,230,3,3,False
byte[256],797,227,3,3,False
byte[257],800,224,3,3,False
byte[258],803,221,3,3,False
byte[259],806,218,3,3,False
byte[260],809,215,3,3,False
byte[261],812,212,3,3,False
byte[262],815,209,3,3,False
byte[263],818,206,3,3,False
byte[264],821,203,3,3,False
byte[265],824,200,3,3,False
byte[266],827,197,3,3,False
byte[267],830,194,3,3,False
byte[268],833,191,3,3,False
byte[269],836,188,3,3,False
byte[270],839,185,3,3,False
byte[271],842,182,3,3,False
byte[272],845,179,3,3,False
byte[273],848,176,3,3,False
byte[274],851,173,3,3,False
byte[275],854,170,3,3,False
byte[276],857,167,3,3,False
byte[277],860,164,3,3,False
byte[278],863,161,3,3,False
byte[279],866,158,3,3,False
byte[280],869,155,3,3,False
byte[281],872,152,3,3,False
byte[282],875,149,3,3,False
byte[283],878,146,3,3,False
byte[284],881,143,3,3,False
byte[285],884,140,3,3,False
byte[286],887,137,3,3,False
byte[287],890,134,3,3,False
byte[288],893,131,3,3,False
byte[289],896,128,3,3,False
byte[290],899,125,3,3,False
byte[291],902,122,3,3,False
byte[292],905,119,3,3,False
byte[293],908,116,3,3,False
byte[294],911,113,3,3,False
byte[295],914,110,3,3,False
byte[296],917,107,3,3,False
byte[297],920,104,3,3,False
byte[298],923,101,3,3,False
byte[299],926,98,3,3,False
byte[300],929,95,3,3,False
byte[301],932,92,3,3,False
byte[302],935,89,3,3,False
byte[303],938,86,3,3,False
byte[304],941,83,3,3,False
byte[305],944,80,3,3,False
byte[306],947,77,3,3,False
byte[307],950,74,3,3,False
byte[308],953,71,3,3,False
byte[309],956,68,3,3,False
byte[310],959,65,3,3,False
byte[311],962,62,3,3,False
byte[312],965,59,3,3,False
byte[313],968,56,3,3,False
byte[314],971,53,3,3,False
byte[315],974,50,3,3,False
byte[316],977,47,3,3,False
byte[317],980,44,3,3,False
byte[318],983,41,3,3,False
byte[319],986,38,3,3,False
byte[320],989,35,3,3,False
byte[321],992,32,3,3,False
byte[322],995,29,3,3,False
byte[323],998,26,3,3,False
byte[324],1001,23,3,3,False
byte[325],1004,20,3,3,False
byte[326],1007,17,3,3,False
byte[327],1010,14,3,3,False
byte[328],1013,11,3,3,False
byte[329],1016,8,3,3,False
byte[330],1019,5,3,3,False
byte[331],1022,2,1,3,False
byte[332],1025,4294967295,0,0,True
byte[333],1025,4294967295,0,0,True
byte[334],1025,4294967295,0,0,True
byte[335],1025,4294967295,0,0,True
byte[336],1025,4294967295,0,0,True
byte[337],1025,4294967295,0,0,True
byte[338],1025,4294967295,0,0,True
byte[339],1025,4294967295,0,0,True
byte[340],1025,4294967295,0,0,True
byte[341],1025,4294967295,0,0,True
byte[342],1025,4294967295,0,0,True
byte[343],1025,4294967295,0,0,True
byte[344],1025,4294967295,0,0,True
byte[345],1025,4294967295,0,0,True
byte[346],1025,4294967295,0,0,True
byte[347],1025,4294967295,0,0,True
byte[348],1025,4294967295,0,0,True
byte[349],1025,4294967295,0,0,True
byte[350],1025,4294967295,0,0,True
byte[351],1025,4294967295,0,0,True
byte[352],1025,4294967295,0,0,True
byte[353],1025,4294967295,0,0,True
byte[354],1025,4294967295,0,0,True
byte[355],1025,4294967295,0,0,True
byte[356],1025,4294967295,0,0,True
byte[357],1025,4294967295,0,0,True
byte[358],1025,4294967295,0,0,True
byte[359],1025,4294967295,0,0,True
byte[360],1025,4294967295,0,0,True
byte[361],1025,4294967295,0,0,True
byte[362],1025,4294967295,0,0,True
byte[363],1025,4294967295,0,0,True
byte[364],1025,4294967295,0,0,True
byte[365],1025,4294967295,0,0,True
byte[366],1025,4294967295,0,0,True
byte[367],1025,4294967295,0,0,True
byte[368],1025,4294967295,0,0,True
byte[369],1025,4294967295,0,0,True
byte[370],1025,4294967295,0,0,True
byte[371],1025,4294967295,0,0,True
byte[372],1025,4294967295,0,0,True
byte[373],1025,4294967295,0,0,True
byte[374],1025,4294967295,0,0,True
byte[375],1025,4294967295,0,0,True
byte[376],1025,4294967295,0,0,True
byte[377],1025,4294967295,0,0,True
byte[378],1025,4294967295,0,0,True
byte[379],1025,4294967295,0,0,True
byte[380],1025,4294967295,0,0,True
byte[381],1025,4294967295,0,0,True
byte[382],1025,4294967295,0,0,True
byte[383],1025,4294967295,0,0,True
byte[384],1025,4294967295,0,0,True
byte[385],1025,4294967295,0,0,True
byte[386],1025,4294967295,0,0,True
byte[387],1025,4294967295,0,0,True
byte[388],1025,4294967295,0,0,True
byte[389],1025,4294967295,0,0,True
byte[390],1025,4294967295,0,0,True
byte[391],1025,4294967295,0,0,True
byte[392],1025,4294967295,0,0,True
byte[393],1025,4294967295,0,0,True
byte[394],1025,4294967295,0,0,True
byte[395],1025,4294967295,0,0,True
byte[396],1025,4294967295,0,0,True
byte[397],1025,4294967295,0,0,True
byte[398],1025,4294967295,0,0,True
byte[399],1025,4294967295,0,0,True
byte[400],1025,4294967295,0,0,True
byte[401],1025,4294967295,0,0,True
byte[402],1025,4294967295,0,0,True
byte[403],1025,4294967295,0,0,True
byte[404],1025,4294967295,0,0,True
byte[405],1025,4294967295,0,0,True
byte[406],1025,4294967295,0,0,True
byte[407],1025,4294967295,0,0,True
byte[408],1025,4294967295,0,0,True
byte[409],1025,4294967295,0,0,True
byte[410],1025,4294967295,0,0,True
byte[411],1025,4294967295,0,0,True
byte[412],1025,4294967295,0,0,True
byte[413],1025,4294967295,0,0,True
byte[414],1025,4294967295,0,0,True
byte[415],1025,4294967295,0,0,True
byte[416],1025,4294967295,0,0,True
byte[417],1025,4294967295,0,0,True
byte[418],1025,4294967295,0,0,True
byte[419],1025,4294967295,0,0,True
byte[420],1025,4294967295,0,0,True
byte[421],1025,4294967295,0,0,True
byte[422],1025,4294967295,0,0,True
byte[423],1025,4294967295,0,0,True
byte[424],1025,4294967295,0,0,True
byte[425],1025,4294967295,0,0,True
byte[426],1025,4294967295,0,0,True
byte[427],1025,4294967295,0,0,True
byte[428],1025,4294967295,0,0,True
byte[429],1025,4294967295,0,0,True
byte[430],1025,4294967295,0,0,True
byte[431],1025,4294967295,0,0,True
byte[432],1025,4294967295,0,0,True
byte[433],1025,4294967295,0,0,True
byte[434],1025,4294967295,0,0,True
byte[435],1025,4294967295,0,0,True
byte[436],1025,4294967295,0,0,True
byte[437],1025,4294967295,0,0,True
byte[438],1025,4294967295,0,0,True
byte[439],1025,4294967295,0,0,True
byte[440],1025,4294967295,0,0,True
byte[441],1025,4294967295,0,0,True
byte[442],1025,4294967295,0,0,True
byte[443],1025,4294967295,0,0,True
byte[444],1025,4294967295,0,0,True
byte[445],1025,4294967295,0,0,True
byte[446],1025,4294967295,0,0,True
byte[447],1025,4294967295,0,0,True
byte[448],1025,4294967295,0,0,True
byte[449],1025,4294967295,0,0,True
byte[450],1025,4294967295,0,0,True
byte[451],1025,4294967295,0,0,True
byte[452],1025,4294967295,0,0,True
byte[453],1025,4294967295,0,0,True
byte[454],1025,4294967295,0,0,True
byte[455],1025,4294967295,0,0,True
byte[456],1025,4294967295,0,0,True
byte[457],1025,4294967295,0,0,True
byte[458],1025,4294967295,0,0,True
byte[459],1025,4294967295,0,0,True
byte[460],1025,4294967295,0,0,True
byte[461],1025,4294967295,0,0,True
byte[462],1025,4294967295,0,0,True
byte[463],1025,4294967295,0,0,True
byte[464],1025,4294967295,0,0,True
byte[465],1025,4294967295,0,0,True
byte[466],1025,4294967295,0,0,True
byte[467],1025,4294967295,0,0,True
byte[468],1025,4294967295,0,0,True
byte[469],1025,4294967295,0,0,True
byte[470],1025,4294967295,0,0,True
byte[471],1025,4294967295,0,0,True
byte[472],1025,4294967295,0,0,True
byte[473],1025,4294967295,0,0,True
byte[474],1025,4294967295,0,0,True
byte[475],1025,4294967295,0,0,True
byte[476],1025,4294967295,0,0,True
byte[477],1025,4294967295,0,0,True
byte[478],1025,4294967295,0,0,True
byte[479],1025,4294967295,0,0,True
byte[480],1025,4294967295,0,0,True
byte[481],1025,4294967295,0,0,True
byte[482],1025,4294967295,0,0,True
byte[483],1025,4294967295,0,0,True
byte[484],1025,4294967295,0,0,True
byte[485],1025,4294967295,0,0,True
byte[486],1025,4294967295,0,0,True
byte[487],1025,4294967295,0,0,True
byte[488],1025,4294967295,0,0,True
byte[489],1025,4294967295,0,0,True
byte[490],1025,4294967295,0,0,True
byte[491],1025,4294967295,0,0,True
byte[492],1025,4294967295,0,0,True
byte[493],1025,4294967295,0,0,True
byte[494],1025,4294967295,0,0,True
byte[495],1025,4294967295,0,0,True
byte[496],1025,4294967295,0,0,True
byte[497],1025,4294967295,0,0,True
byte[498],1025,4294967295,0,0,True
byte[499],1025,4294967295,0,0,True
byte[500],1025,4294967295,0,0,True
byte[501],1025,4294967295,0,0,True
byte[502],1025,4294967295,0,0,True
byte[503],1025,4294967295,0,0,True
byte[504],1025,4294967295,0,0,True
byte[505],1025,4294967295,0,0,True
byte[506],1025,4294967295,0,0,True
byte[507],1025,4294967295,0,0,True
byte[508],1025,4294967295,0,0,True
byte[509],1025,4294967295,0,0,True
byte[510],1025,4294967295,0,0,True
byte[511],1025,4294967295,0,0,True
closing bracket,1025,4294967295,0,0,True
